Company has had the same Location profile for all of history,...2,...3,...4,...5,...6,...7
The past experience is listed below.,NA,NA,NA,NA,NA,NA
NA,NA,NA,NA,NA,NA,NA
NA,NA,NA,NA,NA,NA,NA
Location,Latitude,Longitude,Total Insured Value,Premium,Losses - Non Catastrophe,PolicyYear
1,19,-100.1,290874.36020311742,2643.7097208401492,13800.164742785579,1985
1,19,-100.1,296488.23535503761,2696.583915256952,0,1986
1,19,-100.1,301943.61888557032,2750.515593562091,0,1987
1,19,-100.1,308254.24052027869,2805.5259054333328,0,1988
1,19,-100.1,313432.91176101932,2861.6364235419992,0,1989
1,19,-100.1,318635.89809625223,2918.8691520128395,0,1990
1,19,-100.1,326315.0232403719,2977.2465350530965,0,1991
1,19,-100.1,331242.38009130157,3036.7914657541587,0,1992
1,19,-100.1,336442.88545873505,3097.5272950692415,0,1993
1,19,-100.1,344685.73615247407,3159.4778409706269,0,1994
1,19,-100.1,352303.29092144372,3222.6673977900396,0,1995
1,19,-100.1,360723.33957446623,3287.1207457458404,0,1996
1,19,-100.1,367577.08302638115,3352.8631606607573,0,1997
1,19,-100.1,373531.8317714085,3419.9204238739726,0,1998
1,19,-100.1,381525.41297131666,3488.3188323514523,0,1999
1,19,-100.1,388927.00598296023,3558.0852089984814,0,2000
1,19,-100.1,397872.32712056825,3629.246913178451,0,2001
1,19,-100.1,405789.98643026757,3701.8318514420203,0,2002
1,19,-100.1,414555.05013716139,3775.8684884708609,0,2003
1,19,-100.1,424628.73785549443,3851.3858582402781,0,2004
1,19,-100.1,432654.22100096324,3928.4135754050835,0,2005
1,19,-100.1,440485.26240108069,4006.9818469131847,0,2006
1,19,-100.1,447885.41480941884,4087.1214838514488,0,2007
1,19,-100.1,454603.69603156019,4168.8639135284775,0,2008
1,19,-100.1,462877.48329933459,4252.2411917990466,0,2009
1,19,-100.1,472551.62270029064,4337.286015635028,0,2010
1,19,-100.1,481577.35869386623,4424.0317359477285,0,2011
1,19,-100.1,490631.01303731091,4512.5123706666827,0,2012
1,19,-100.1,498432.04614460416,4602.7626180800162,0,2013
1,19,-100.1,507353.97977059259,4694.8178704416168,0,2014
1,19,-100.1,516131.20362062391,4788.7142278504489,0,2015
1,19,-100.1,527537.70322063973,4884.4885124074581,0,2016
1,19,-100.1,539301.79400245997,4982.1782826556082,0,2017
1,19,-100.1,549386.7375503059,5081.8218483087194,0,2018
1,19,-100.1,558396.6800461309,5183.4582852748936,0,2019
1,19,-100.1,568615.33929097513,5287.1274509803916,0,2020
1,19,-100.1,579021,5392.87,50261.5484,2021
2,7.1999999999999993,-74.400000000000006,259184.05327507187,1970.2313524232191,0,1985
2,7.1999999999999993,-74.400000000000006,265248.96012170857,2009.6359794716834,0,1986
2,7.1999999999999993,-74.400000000000006,271243.58662045916,2049.8286990611173,0,1987
2,7.1999999999999993,-74.400000000000006,277780.55705801223,2090.8252730423396,0,1988
2,7.1999999999999993,-74.400000000000006,283863.9512575827,2132.6417785031863,0,1989
2,7.1999999999999993,-74.400000000000006,289001.88877534494,2175.2946140732497,0,1990
2,7.1999999999999993,-74.400000000000006,295966.83429483074,2218.8005063547148,0,1991
2,7.1999999999999993,-74.400000000000006,301649.39751329151,2263.1765164818089,0,1992
2,7.1999999999999993,-74.400000000000006,306717.10739151476,2308.440046811445,0,1993
2,7.1999999999999993,-74.400000000000006,311379.2074238658,2354.6088477476737,16647.084553576053,1994
2,7.1999999999999993,-74.400000000000006,317824.75701753981,2401.7010247026274,0,1995
2,7.1999999999999993,-74.400000000000006,325134.72642894322,2449.7350451966799,14575.923518920246,1996
2,7.1999999999999993,-74.400000000000006,330987.15150466422,2498.7297461006133,0,1997
2,7.1999999999999993,-74.400000000000006,338500.55984382005,2548.7043410226256,0,1998
2,7.1999999999999993,-74.400000000000006,346624.57328007172,2599.6784278430782,0,1999
2,7.1999999999999993,-74.400000000000006,353279.76508704916,2651.6719963999399,0,2000
2,7.1999999999999993,-74.400000000000006,359709.45681163348,2704.7054363279385,0,2001
2,7.1999999999999993,-74.400000000000006,367766.94864421408,2758.7995450544972,0,2002
2,7.1999999999999993,-74.400000000000006,373761.54990711476,2813.975535955587,0,2003
2,7.1999999999999993,-74.400000000000006,382694.45094989485,2870.2550466746989,19661.247069721685,2004
2,7.1999999999999993,-74.400000000000006,389276.79550623306,2927.6601476081928,0,2005
2,7.1999999999999993,-74.400000000000006,396906.62069815525,2986.213350560357,0,2006
2,7.1999999999999993,-74.400000000000006,403415.88927760499,3045.9376175715643,0,2007
2,7.1999999999999993,-74.400000000000006,412734.79631991772,3106.8563699229958,0,2008
2,7.1999999999999993,-74.400000000000006,419173.45914250845,3168.9934973214554,0,2009
2,7.1999999999999993,-74.400000000000006,425670.64775921736,3232.3733672678845,0,2010
2,7.1999999999999993,-74.400000000000006,436184.71275886998,3297.0208346132426,0,2011
2,7.1999999999999993,-74.400000000000006,443948.8006459779,3362.9612513055076,0,2012
2,7.1999999999999993,-74.400000000000006,452561.40737850993,3430.2204763316176,0,2013
2,7.1999999999999993,-74.400000000000006,462155.70921493438,3498.8248858582501,0,2014
2,7.1999999999999993,-74.400000000000006,470243.43412619579,3568.8013835754155,0,2015
2,7.1999999999999993,-74.400000000000006,478190.54816292843,3640.1774112469234,0,2016
2,7.1999999999999993,-74.400000000000006,488806.37833214545,3712.9809594718618,0,2017
2,7.1999999999999993,-74.400000000000006,498142.58015828946,3787.240578661299,0,2018
2,7.1999999999999993,-74.400000000000006,508703.20285764523,3862.9853902345253,0,2019
2,7.1999999999999993,-74.400000000000006,520759.46876537142,3940.2450980392159,0,2020
2,7.1999999999999993,-74.400000000000006,529352,4019.05,0,2021
3,24.7,-77.8,1112659.8902204733,2478.0388071786047,0,1985
3,24.7,-77.8,1139363.7275857646,2527.5995833221764,0,1986
3,24.7,-77.8,1158163.2290909297,2578.1515749886203,0,1987
3,24.7,-77.8,1183179.5548392939,2629.7146064883927,0,1988
3,24.7,-77.8,1212167.4539328567,2682.3088986181606,0,1989
3,24.7,-77.8,1237986.6207016266,2735.9550765905237,0,1990
3,24.7,-77.8,1268936.2862191673,2790.6741781223345,0,1991
3,24.7,-77.8,1293680.5438004411,2846.4876616847814,0,1992
3,24.7,-77.8,1322270.8838184308,2903.4174149184769,0,1993
3,24.7,-77.8,1347922.9389645085,2961.4857632168464,0,1994
3,24.7,-77.8,1372724.7210414554,3020.7154784811833,0,1995
3,24.7,-77.8,1393864.681745494,3081.1297880508073,0,1996
3,24.7,-77.8,1414912.038439851,3142.7523838118236,0,1997
3,24.7,-77.8,1447172.0329162795,3205.6074314880602,0,1998
3,24.7,-77.8,1469024.3306133156,3269.7195801178214,0,1999
3,24.7,-77.8,1504868.5242802803,3335.1139717201777,0,2000
3,24.7,-77.8,1529548.368078477,3401.8162511545816,0,2001
3,24.7,-77.8,1556162.5096830425,3469.8525761776732,0,2002
3,24.7,-77.8,1588686.3061354179,3539.2496277012265,0,2003
3,24.7,-77.8,1619189.083213218,3610.0346202552514,0,2004
3,24.7,-77.8,1648172.5678027347,3682.2353126603562,0,2005
3,24.7,-77.8,1677674.8567664037,3755.8800189135636,0,2006
3,24.7,-77.8,1715254.773557971,3830.9976192918348,0,2007
3,24.7,-77.8,1756592.4136007181,3907.6175716776715,0,2008
3,24.7,-77.8,1791548.6026313724,3985.7699231112256,0,2009
3,24.7,-77.8,1820571.6899940006,4065.4853215734502,0,2010
3,24.7,-77.8,1854070.2090898901,4146.795028004919,37569.962953724571,2011
3,24.7,-77.8,1894118.1256062319,4229.7309285650172,0,2012
3,24.7,-77.8,1941092.2551212662,4314.3255471363182,0,2013
3,24.7,-77.8,1975837.806487937,4400.6120580790439,0,2014
3,24.7,-77.8,2024245.8327468913,4488.6242992406251,0,2015
3,24.7,-77.8,2061087.1069028848,4578.3967852254382,0,2016
3,24.7,-77.8,2111789.8497326956,4669.9647209299465,0,2017
3,24.7,-77.8,2156982.1525169755,4763.3640153485458,0,2018
3,24.7,-77.8,2200984.5884283218,4858.6312956555166,0,2019
3,24.7,-77.8,2245664.5755734169,4955.8039215686276,36871.181176470593,2020
3,24.7,-77.8,2291027,5054.92,0,2021
4,40.5,-122.3,321356.05190457619,1860.7547184865534,0,1985
4,40.5,-122.3,328458.02065166732,1897.9698128562843,0,1986
4,40.5,-122.3,335618.4055018737,1935.9292091134103,0,1987
4,40.5,-122.3,341055.42367100407,1974.6477932956784,0,1988
4,40.5,-122.3,347057.99912761379,2014.1407491615921,0,1989
4,40.5,-122.3,353547.98371130013,2054.423564144824,0,1990
4,40.5,-122.3,359416.88024090772,2095.5120354277205,0,1991
4,40.5,-122.3,367935.06030261726,2137.4222761362748,0,1992
4,40.5,-122.3,375293.76150866959,2180.1707216590003,0,1993
4,40.5,-122.3,381035.75605975225,2223.7741360921805,0,1994
4,40.5,-122.3,388656.47118094732,2268.249618814024,12112.452964466887,1995
4,40.5,-122.3,397090.31660557393,2313.6146111903045,0,1996
4,40.5,-122.3,406898.44742573157,2359.8869034141103,0,1997
4,40.5,-122.3,416908.14923240454,2407.0846414823923,0,1998
4,40.5,-122.3,425871.67444090126,2455.2263343120403,0,1999
4,40.5,-122.3,435113.08977626881,2504.330860998281,0,2000
4,40.5,-122.3,442248.94444859959,2554.4174782182467,0,2001
4,40.5,-122.3,452111.09590980335,2605.505827782612,0,2002
4,40.5,-122.3,463052.18443082058,2657.6159443382644,18869.073204801676,2003
4,40.5,-122.3,473933.91076494491,2710.7682632250294,0,2004
4,40.5,-122.3,481706.42690149002,2764.98362848953,0,2005
4,40.5,-122.3,490039.94808688585,2820.2833010593208,0,2006
4,40.5,-122.3,499889.75104343228,2876.6889670805072,0,2007
4,40.5,-122.3,511887.10506847466,2934.2227464221173,0,2008
4,40.5,-122.3,520537.99714413186,2992.9072013505597,0,2009
4,40.5,-122.3,530376.16529015591,3052.7653453775711,0,2010
4,40.5,-122.3,541354.95191166212,3113.8206522851228,0,2011
4,40.5,-122.3,549908.36015186645,3176.0970653308254,0,2012
4,40.5,-122.3,561236.47237099486,3239.619006637442,0,2013
4,40.5,-122.3,574369.40582447615,3304.4113867701903,0,2014
4,40.5,-122.3,587005.53275261458,3370.4996145055943,0,2015
4,40.5,-122.3,601093.66553867736,3437.9096067957062,0,2016
4,40.5,-122.3,614317.72618052829,3506.6677989316204,0,2017
4,40.5,-122.3,626788.376021993,3576.801154910253,21675.414998756132,2018
4,40.5,-122.3,641956.65472172527,3648.3371780084581,0,2019
4,40.5,-122.3,652292.15686274506,3721.3039215686272,0,2020
4,40.5,-122.3,665338,3795.73,0,2021
5,29.6,-81.3,958066.08289489255,10315.741241704924,0,1985
5,29.6,-81.3,973874.17326265818,10522.056066539022,0,1986
5,29.6,-81.3,994325.53090117394,10732.497187869802,0,1987
5,29.6,-81.3,1013516.0136475667,10947.147131627198,0,1988
5,29.6,-81.3,1032063.3566973171,11166.090074259741,0,1989
5,29.6,-81.3,1051878.9731459056,11389.411875744936,0,1990
5,29.6,-81.3,1071864.6736356779,11617.200113259834,0,1991
5,29.6,-81.3,1092766.0347715737,11849.54411552503,0,1992
5,29.6,-81.3,1110687.3977418274,12086.53499783553,0,1993
5,29.6,-81.3,1133234.3519159865,12328.26569779224,0,1994
5,29.6,-81.3,1151932.7187226003,12574.831011748085,0,1995
5,29.6,-81.3,1177044.8519907531,12826.327631983047,0,1996
5,29.6,-81.3,1200468.0445453692,13082.854184622707,0,1997
5,29.6,-81.3,1220035.6736714586,13344.511268315164,0,1998
5,29.6,-81.3,1243216.3514712164,13611.401493681467,0,1999
5,29.6,-81.3,1273053.5439065257,13883.629523555097,0,2000
5,29.6,-81.3,1303479.5236058917,14161.302114026199,0,2001
5,29.6,-81.3,1332547.1169823031,14444.528156306724,0,2002
5,29.6,-81.3,1361330.134709121,14733.418719432861,0,2003
5,29.6,-81.3,1388556.7374033034,15028.087093821519,0,2004
5,29.6,-81.3,1422576.3774696842,15328.648835697948,0,2005
5,29.6,-81.3,1453730.8001362705,15635.221812411908,0,2006
5,29.6,-81.3,1477135.8660184643,15947.926248660146,0,2007
5,29.6,-81.3,1500770.0398747597,16266.884773633348,0,2008
5,29.6,-81.3,1531235.6716842174,16592.222469106015,0,2009
5,29.6,-81.3,1556807.3074013437,16924.066918488137,0,2010
5,29.6,-81.3,1581560.543589025,17262.548256857899,0,2011
5,29.6,-81.3,1612242.8181346522,17607.799221995057,0,2012
5,29.6,-81.3,1648679.5058244953,17959.955206434959,0,2013
5,29.6,-81.3,1674069.1702141927,18319.154310563656,0,2014
5,29.6,-81.3,1714414.2372163548,18685.537396774929,0,2015
5,29.6,-81.3,1741844.8650118166,19059.248144710429,0,2016
5,29.6,-81.3,1773720.6260415327,19440.43310760464,180796.02790072316,2017
5,29.6,-81.3,1817708.8975673625,19829.241769756733,0,2018
5,29.6,-81.3,1847155.7817079539,20225.826605151869,145019.17675893891,2019
5,29.6,-81.3,1886684.9154365042,20630.343137254906,0,2020
5,29.6,-81.3,1929890,21042.95,0,2021
6,29.6,-90.6,506667.42718481604,3881.3957174604934,0,1985
6,29.6,-90.6,516598.10875763849,3959.0236318097031,0,1986
6,29.6,-90.6,528118.24658293382,4038.2041044458979,0,1987
6,29.6,-90.6,538258.11691732623,4118.9681865348157,0,1988
6,29.6,-90.6,549938.31805443228,4201.3475502655119,0,1989
6,29.6,-90.6,559122.28796594124,4285.3745012708223,0,1990
6,29.6,-90.6,571199.32938600564,4371.0819912962388,0,1991
6,29.6,-90.6,583994.19436425215,4458.5036311221629,0,1992
6,29.6,-90.6,598243.65270673984,4547.6737037446064,0,1993
6,29.6,-90.6,610088.87703033327,4638.6271778194987,0,1994
6,29.6,-90.6,621802.58346931578,4731.3997213758894,0,1995
6,29.6,-90.6,634611.71668878361,4826.0277158034078,0,1996
6,29.6,-90.6,644955.8876708108,4922.548270119476,0,1997
6,29.6,-90.6,659209.4127883357,5020.9992355218656,0,1998
6,29.6,-90.6,675228.2015190922,5121.4192202323029,0,1999
6,29.6,-90.6,687922.49170765106,5223.8476046369487,0,2000
6,29.6,-90.6,699410.79731916881,5328.3245567296881,0,2001
6,29.6,-90.6,716756.18509268411,5434.891047864282,0,2002
6,29.6,-90.6,734675.08972000109,5543.5888688215673,0,2003
6,29.6,-90.6,749001.25396954117,5654.4606461979993,0,2004
6,29.6,-90.6,765928.68230925279,5767.5498591219593,0,2005
6,29.6,-90.6,784770.52789406036,5882.9008563043981,0,2006
6,29.6,-90.6,798033.14981546986,6000.5588734304865,0,2007
6,29.6,-90.6,815988.89568631793,6120.5700508990958,0,2008
6,29.6,-90.6,831737.48137306399,6242.9814519170768,0,2009
6,29.6,-90.6,845710.6710601314,6367.8410809554189,0,2010
6,29.6,-90.6,865331.15862872649,6495.1979025745277,0,2011
6,29.6,-90.6,879868.72209368902,6625.1018606260186,0,2012
6,29.6,-90.6,901689.4664016125,6757.6038978385386,66359.670276774457,2013
6,29.6,-90.6,920895.45203596691,6892.7559757953095,0,2014
6,29.6,-90.6,940510.52516433306,7030.6110953112156,0,2015
6,29.6,-90.6,955840.84672451171,7171.2233172174401,0,2016
6,29.6,-90.6,970369.62759472441,7314.6477835617889,0,2017
6,29.6,-90.6,992105.90725284617,7460.9407392330249,0,2018
6,29.6,-90.6,1008178.0229503423,7610.159554017685,0,2019
6,29.6,-90.6,1025317.0493404982,7762.3627450980384,0,2020
6,29.6,-90.6,1049412,7917.61,0,2021
7,32.6,-83.4,953342.28510567115,3006.4503409432987,0,1985
7,32.6,-83.4,975078.48920608044,3066.5793477621646,0,1986
7,32.6,-83.4,996335.20027077303,3127.9109347174081,0,1987
7,32.6,-83.4,1012874.3645952678,3190.469153411756,0,1988
7,32.6,-83.4,1037689.7865278518,3254.2785364799911,0,1989
7,32.6,-83.4,1058443.5822584089,3319.3641072095911,0,1990
7,32.6,-83.4,1074955.3021416401,3385.751389353783,0,1991
7,32.6,-83.4,1091509.6137946215,3453.466417140859,0,1992
7,32.6,-83.4,1110611.0320360274,3522.5357454836758,0,1993
7,32.6,-83.4,1130935.2139222866,3592.9864603933497,0,1994
7,32.6,-83.4,1156041.9756713614,3664.8461896012168,0,1995
7,32.6,-83.4,1181243.6907409972,3738.143113393241,0,1996
7,32.6,-83.4,1203805.4452341504,3812.9059756611055,0,1997
7,32.6,-83.4,1227520.4125052632,3889.1640951743279,0,1998
7,32.6,-83.4,1253666.5972916256,3966.9473770778145,0,1999
7,32.6,-83.4,1281999.4623904163,4046.286324619371,0,2000
7,32.6,-83.4,1306998.4519070296,4127.2120511117582,0,2001
7,32.6,-83.4,1338758.5142883705,4209.7562921339932,0,2002
7,32.6,-83.4,1371825.8495912931,4293.9514179766729,0,2003
7,32.6,-83.4,1405435.5829062797,4379.8304463362074,0,2004
7,32.6,-83.4,1435230.8172638931,4467.4270552629323,33595.051455577246,2005
7,32.6,-83.4,1462500.2027919071,4556.7755963681902,29801.312400247964,2006
7,32.6,-83.4,1491457.7068071871,4647.9111082955533,0,2007
7,32.6,-83.4,1515022.7385747407,4740.8693304614644,0,2008
7,32.6,-83.4,1551231.7820266772,4835.6867170706946,33898.16388666557,2009
7,32.6,-83.4,1580239.816350576,4932.4004514121079,0,2010
7,32.6,-83.4,1618481.6199062599,5031.04846044035,37883.794907115836,2011
7,32.6,-83.4,1649232.770684479,5131.6694296491569,0,2012
7,32.6,-83.4,1687165.1244102218,5234.3028182421403,0,2013
7,32.6,-83.4,1721752.0094606313,5338.9888746069837,0,2014
7,32.6,-83.4,1753432.246434707,5445.7686520991228,0,2015
7,32.6,-83.4,1783941.967522671,5554.6840251411058,0,2016
7,32.6,-83.4,1814090.5867738039,5665.7777056439272,0,2017
7,32.6,-83.4,1843841.6723968943,5779.0932597568053,0,2018
7,32.6,-83.4,1883115.5000189482,5894.6751249519411,0,2019
7,32.6,-83.4,1928498.5835694049,6012.5686274509799,0,2020
7,32.6,-83.4,1974204,6132.82,0,2021
8,43.4,-107.9,253182.19374941487,1370.4629368932513,7866.4572577672625,1985
8,43.4,-107.9,259131.97530252615,1397.8721956311163,0,1986
8,43.4,-107.9,265558.44829002878,1425.8296395437387,0,1987
8,43.4,-107.9,270179.1652902753,1454.3462323346134,0,1988
8,43.4,-107.9,274799.22901673906,1483.4331569813057,0,1989
8,43.4,-107.9,279360.89621841692,1513.101820120932,0,1990
8,43.4,-107.9,285981.74945879343,1543.3638565233507,0,1991
8,43.4,-107.9,291787.17897280696,1574.2311336538178,0,1992
8,43.4,-107.9,296339.05896478274,1605.7157563268941,0,1993
8,43.4,-107.9,301317.55515539105,1637.8300714534319,0,1994
8,43.4,-107.9,307132.98396989011,1670.5866728825006,0,1995
8,43.4,-107.9,312661.37768134812,1703.9984063401505,0,1996
8,43.4,-107.9,319321.06502596085,1738.0783744669536,0,1997
8,43.4,-107.9,325452.02947445936,1772.8399419562925,0,1998
8,43.4,-107.9,332969.97135531943,1808.2967407954186,0,1999
8,43.4,-107.9,339562.77678815479,1844.4626756113271,0,2000
8,43.4,-107.9,345165.56260515936,1881.3519291235539,0,2001
8,43.4,-107.9,353380.50299516215,1918.9789677060251,0,2002
8,43.4,-107.9,360306.76085386734,1957.3585470601454,0,2003
8,43.4,-107.9,368053.35621222551,1996.5057180013484,0,2004
8,43.4,-107.9,375856.08736392471,2036.4358323613756,0,2005
8,43.4,-107.9,384350.43493834941,2077.164549008603,18237.504740295532,2006
8,43.4,-107.9,390538.47694085684,2118.707839988775,0,2007
8,43.4,-107.9,399325.59267202608,2161.0819967885504,0,2008
8,43.4,-107.9,408989.27201468911,2204.3036367243217,0,2009
8,43.4,-107.9,416719.16925576673,2248.3897094588083,0,2010
8,43.4,-107.9,424595.16155470069,2293.3575036479847,0,2011
8,43.4,-107.9,431218.84607495402,2339.2246537209444,0,2012
8,43.4,-107.9,441740.58591918286,2386.0091467953634,0,2013
8,43.4,-107.9,450928.79010630184,2433.7293297312708,17206.466361200084,2014
8,43.4,-107.9,459090.60120722587,2482.4039163258963,0,2015
8,43.4,-107.9,469511.9578546299,2532.0519946524141,0,2016
8,43.4,-107.9,477822.31950865686,2582.6930345454625,0,2017
8,43.4,-107.9,488143.28161004389,2634.3468952363719,0,2018
8,43.4,-107.9,499614.64872787998,2687.0338331410994,0,2019
8,43.4,-107.9,510556.20953502058,2740.7745098039213,15320.92950980392,2020
8,43.4,-107.9,520461,2795.59,0,2021
9,51.5,-73.7,1380273.5855579248,4642.8495324396372,0,1985
9,51.5,-73.7,1408293.1393447507,4735.70652308843,25051.887507137795,1986
9,51.5,-73.7,1436740.6607595147,4830.4206535501989,0,1987
9,51.5,-73.7,1462458.3185871099,4927.0290666212031,0,1988
9,51.5,-73.7,1491999.9766225696,5025.5696479536273,0,1989
9,51.5,-73.7,1528255.5760544981,5126.0810409126998,0,1990
9,51.5,-73.7,1555152.8741930574,5228.6026617309535,0,1991
9,51.5,-73.7,1584078.7176530482,5333.174714965573,0,1992
9,51.5,-73.7,1615285.0683908134,5439.8382092648844,0,1993
9,51.5,-73.7,1648559.940799664,5548.6349734501828,0,1994
9,51.5,-73.7,1676090.8918110183,5659.6076729191864,0,1995
9,51.5,-73.7,1706428.1369527979,5772.7998263775708,0,1996
9,51.5,-73.7,1741068.6281329396,5888.2558229051219,38038.132615967086,1997
9,51.5,-73.7,1768751.6193202534,6006.0209393632249,0,1998
9,51.5,-73.7,1811909.1588316676,6126.1413581504894,0,1999
9,51.5,-73.7,1849959.2511671325,6248.6641853134997,0,2000
9,51.5,-73.7,1884183.4973137244,6373.6374690197699,0,2001
9,51.5,-73.7,1930722.8296973733,6501.1102184001647,0,2002
9,51.5,-73.7,1961614.3949725314,6631.1324227681689,0,2003
9,51.5,-73.7,2002808.2972669543,6763.7550712235316,0,2004
9,51.5,-73.7,2049674.0114230013,6899.0301726480029,0,2005
9,51.5,-73.7,2081238.9911989158,7037.0107761009622,0,2006
9,51.5,-73.7,2116203.8062510574,7177.7509916229819,55125.127615664496,2007
9,51.5,-73.7,2166146.2160785827,7321.3060114554428,0,2008
9,51.5,-73.7,2213368.2035890957,7467.7321316845519,0,2009
9,51.5,-73.7,2259848.9358644667,7617.0867743182434,0,2010
9,51.5,-73.7,2305045.9145817561,7769.4285098046084,0,2011
9,51.5,-73.7,2351607.8420563075,7924.817080000701,0,2012
9,51.5,-73.7,2410162.8773235092,8083.3134216007156,0,2013
9,51.5,-73.7,2451135.646238009,8244.9796900327292,0,2014
9,51.5,-73.7,2492559.8386594313,8409.8792838333829,52645.844316796974,2015
9,51.5,-73.7,2536428.8918198375,8578.0768695100505,0,2016
9,51.5,-73.7,2585889.2552103247,8749.6384069002524,56085.182188230618,2017
9,51.5,-73.7,2641744.463122868,8924.6311750382574,0,2018
9,51.5,-73.7,2693258.4801537641,9103.1237985390217,0,2019
9,51.5,-73.7,2734465.334900117,9285.1862745098024,0,2020
9,51.5,-73.7,2792436,9470.89,0,2021
10,46.2,-62.5,742048.65059173666,1682.882150612742,0,1985
10,46.2,-62.5,758447.92576981406,1716.5397936249969,0,1986
10,46.2,-62.5,774527.02179613418,1750.8705894974969,0,1987
10,46.2,-62.5,788468.50818846456,1785.8880012874467,0,1988
10,46.2,-62.5,805420.58111451659,1821.6057613131954,0,1989
10,46.2,-62.5,817662.97394745739,1858.0378765394596,0,1990
10,46.2,-62.5,836550.98864564369,1895.198634070249,0,1991
10,46.2,-62.5,850437.73505716131,1933.1026067516539,0,1992
10,46.2,-62.5,871698.67843359022,1971.7646588866869,0,1993
10,46.2,-62.5,885820.19702421443,2011.1999520644208,0,1994
10,46.2,-62.5,907699.95589071244,2051.4239511057094,0,1995
10,46.2,-62.5,922495.46517173108,2092.4524301278234,0,1996
10,46.2,-62.5,940760.87538213143,2134.30147873038,0,1997
10,46.2,-62.5,957036.03852624237,2176.9875083049874,0,1998
10,46.2,-62.5,980004.90345087217,2220.5272584710874,0,1999
10,46.2,-62.5,1002251.0147592069,2264.9378036405092,0,2000
10,46.2,-62.5,1022997.6107647225,2310.2365597133194,0,2001
10,46.2,-62.5,1045503.5582015463,2356.4412909075859,0,2002
10,46.2,-62.5,1062127.064776951,2403.570116725738,0,2003
10,46.2,-62.5,1084219.3077243115,2451.6415190602524,0,2004
10,46.2,-62.5,1109806.8833866052,2500.6743494414577,0,2005
10,46.2,-62.5,1132779.8858727079,2550.687836430287,0,2006
10,46.2,-62.5,1160646.2710651765,2601.7015931588926,0,2007
10,46.2,-62.5,1189430.2985875928,2653.735625022071,0,2008
10,46.2,-62.5,1208461.1833649944,2706.8103375225119,0,2009
10,46.2,-62.5,1230455.1769022373,2760.946544272962,0,2010
10,46.2,-62.5,1260970.4652894128,2816.1654751584215,0,2011
10,46.2,-62.5,1285433.2923160275,2872.4887846615898,0,2012
10,46.2,-62.5,1310499.2415161901,2929.9385603548217,27072.632297678552,2013
10,46.2,-62.5,1343261.7225540949,2988.5373315619181,0,2014
10,46.2,-62.5,1368112.0644213455,3048.3080781931567,0,2015
10,46.2,-62.5,1391233.1583100662,3109.27423975702,0,2016
10,46.2,-62.5,1421144.6712137328,3171.45972455216,0,2017
10,46.2,-62.5,1452694.0829146777,3234.8889190432037,0,2018
10,46.2,-62.5,1489011.4349875445,3299.586697424068,0,2019
10,46.2,-62.5,1518196.0591133004,3365.5784313725494,0,2020
10,46.2,-62.5,1540969,3432.89,0,2021
11,17.2,-89,371785.2023975373,2697.8352588705411,0,1985
11,17.2,-89,379369.62052644708,2751.7919640479522,0,1986
11,17.2,-89,388512.42838113446,2806.8278033289116,0,1987
11,17.2,-89,397137.40429119562,2862.9643593954897,16290.267204960337,1988
11,17.2,-89,406867.27069632988,2920.2236465833998,0,1989
11,17.2,-89,415859.03737871879,2978.6281195150677,0,1990
11,17.2,-89,422595.95378425403,3038.200681905369,0,1991
11,17.2,-89,431132.39205069595,3098.9646955434764,0,1992
11,17.2,-89,439496.36045647948,3160.9439894543461,0,1993
11,17.2,-89,449912.42419929808,3224.1628692434329,0,1994
11,17.2,-89,457920.86535004561,3288.6461266283018,0,1995
11,17.2,-89,468865.17403191171,3354.4190491608679,0,1996
11,17.2,-89,478289.36402995314,3421.507430144085,0,1997
11,17.2,-89,488189.95386537316,3489.9375787469671,0,1998
11,17.2,-89,497514.38198420184,3559.7363303219067,0,1999
11,17.2,-89,507812.92969127477,3630.9310569283448,0,2000
11,17.2,-89,516344.18691008812,3703.5496780669114,0,2001
11,17.2,-89,526257.99529876187,3777.6206716282495,0,2002
11,17.2,-89,534730.74902307196,3853.1730850608146,0,2003
11,17.2,-89,548045.54467374645,3930.2365467620307,0,2004
11,17.2,-89,559061.26012168871,4008.8412776972714,0,2005
11,17.2,-89,568900.73829983047,4089.0181032512169,0,2006
11,17.2,-89,581985.45528072654,4170.7984653162412,0,2007
11,17.2,-89,595487.51784323948,4254.2144346225659,0,2008
11,17.2,-89,609243.27950541838,4339.298723315017,0,2009
11,17.2,-89,622707.55598248809,4426.0846977813171,0,2010
11,17.2,-89,632919.95990060084,4514.6063917369438,0,2011
11,17.2,-89,646021.40307054319,4604.8985195716832,0,2012
11,17.2,-89,657972.79902734817,4696.9964899631168,0,2013
11,17.2,-89,671527.03868731146,4790.936419762379,0,2014
11,17.2,-89,683144.45645660197,4886.7551481576265,0,2015
11,17.2,-89,697490.49004219053,4984.4902511207792,0,2016
11,17.2,-89,709347.82837290782,5084.1800561431946,0,2017
11,17.2,-89,722470.76319780655,5185.8636572660589,0,2018
11,17.2,-89,739810.06151455396,5289.58093041138,0,2019
11,17.2,-89,750907.21243727242,5395.3725490196075,0,2020
11,17.2,-89,763147,5503.28,0,2021
12,34.6,-77.900000000000006,269099.83138282073,937.40470810357579,0,1985
12,34.6,-77.900000000000006,273190.14881983964,956.15280226564732,0,1986
12,34.6,-77.900000000000006,279145.69406411215,975.2758583109603,0,1987
12,34.6,-77.900000000000006,284393.63311251742,994.78137547717961,0,1988
12,34.6,-77.900000000000006,289342.08232867526,1014.6770029867232,0,1989
12,34.6,-77.900000000000006,293913.68722946831,1034.9705430464576,0,1990
12,34.6,-77.900000000000006,299086.56812470697,1055.6699539073866,0,1991
12,34.6,-77.900000000000006,303782.22724426491,1076.7833529855345,0,1992
12,34.6,-77.900000000000006,311346.40470264707,1098.3190200452452,0,1993
12,34.6,-77.900000000000006,317479.92887528922,1120.2854004461501,0,1994
12,34.6,-77.900000000000006,324496.23530343309,1142.6911084550732,0,1995
12,34.6,-77.900000000000006,330012.67130359152,1165.5449306241749,0,1996
12,34.6,-77.900000000000006,335457.88038010075,1188.8558292366583,0,1997
12,34.6,-77.900000000000006,343743.6900254892,1212.6329458213916,0,1998
12,34.6,-77.900000000000006,351306.05120604998,1236.8856047378194,7099.7233711950839,1999
12,34.6,-77.900000000000006,358859.1313069801,1261.6233168325759,0,2000
12,34.6,-77.900000000000006,365175.05201798299,1286.8557831692276,10758.114347294742,2001
12,34.6,-77.900000000000006,372734.17559475522,1312.5928988326123,12088.980598248359,2002
12,34.6,-77.900000000000006,378735.19582183077,1338.8447568092645,0,2003
12,34.6,-77.900000000000006,385514.55582704156,1365.6216519454497,0,2004
12,34.6,-77.900000000000006,391335.82562002994,1392.9340849843588,0,2005
12,34.6,-77.900000000000006,399945.21378367062,1420.792766684046,0,2006
12,34.6,-77.900000000000006,406504.31528972281,1449.2086220177268,0,2007
12,34.6,-77.900000000000006,416179.11799361825,1478.1927944580814,0,2008
12,34.6,-77.900000000000006,424502.7003534906,1507.7566503472431,0,2009
12,34.6,-77.900000000000006,430997.59166889905,1537.9117833541879,0,2010
12,34.6,-77.900000000000006,438324.55072727037,1568.6700190212716,0,2011
12,34.6,-77.900000000000006,445293.91108383395,1600.0434194016971,0,2012
12,34.6,-77.900000000000006,454511.4950432693,1632.044287789731,0,2013
12,34.6,-77.900000000000006,461874.58126297029,1664.6851735455257,0,2014
12,34.6,-77.900000000000006,471527.76001136634,1697.9788770164362,0,2015
12,34.6,-77.900000000000006,481288.3846436016,1731.938454556765,0,2016
12,34.6,-77.900000000000006,488555.83925172006,1766.5772236479004,0,2017
12,34.6,-77.900000000000006,497740.68902965233,1801.9087681208584,10559.18538118823,2018
12,34.6,-77.900000000000006,509487.36929075216,1837.9469434832758,0,2019
12,34.6,-77.900000000000006,517690.11593633326,1874.7058823529412,0,2020
12,34.6,-77.900000000000006,526905,1912.2,0,2021
13,30.4,-87.5,942928.9088269925,3869.9392024367617,0,1985
13,30.4,-87.5,958487.2358226378,3947.3379864854969,0,1986
13,30.4,-87.5,980149.04735222936,4026.2847462152072,0,1987
13,30.4,-87.5,1000536.1475371557,4106.8104411395116,0,1988
13,30.4,-87.5,1023348.3717010027,4188.9466499623022,39627.435308643384,1989
13,30.4,-87.5,1043815.3391350228,4272.7255829615478,0,1990
13,30.4,-87.5,1068031.8550029555,4358.1800946207786,36608.712794814543,1991
13,30.4,-87.5,1086508.8060945068,4445.3436965131941,0,1992
13,30.4,-87.5,1103241.0417083623,4534.2505704434579,0,1993
13,30.4,-87.5,1127512.3446259464,4624.9355818523272,0,1994
13,30.4,-87.5,1153783.3822557309,4717.4342934893739,0,1995
13,30.4,-87.5,1174205.3481216575,4811.7829793591609,0,1996
13,30.4,-87.5,1202973.3791506381,4908.0186389463443,0,1997
13,30.4,-87.5,1226070.4680303305,5006.1790117252713,0,1998
13,30.4,-87.5,1247158.8800804522,5106.3025919597776,0,1999
13,30.4,-87.5,1276716.5455383589,5208.4286437989731,0,2000
13,30.4,-87.5,1300718.8165944798,5312.5972166749525,36656.920795057173,2001
13,30.4,-87.5,1329594.7743228774,5418.849161008452,0,2002
13,30.4,-87.5,1353128.6018283924,5527.2261442286208,0,2003
13,30.4,-87.5,1380867.7381658743,5637.7706671131937,0,2004
13,30.4,-87.5,1406551.8780957595,5750.5260804554573,0,2005
13,30.4,-87.5,1440449.7783578674,5865.536602064567,0,2006
13,30.4,-87.5,1473724.1682379344,5982.847334105858,45888.43905259193,2007
13,30.4,-87.5,1501430.1826008074,6102.5042807879754,0,2008
13,30.4,-87.5,1538665.6511293072,6224.554366403735,0,2009
13,30.4,-87.5,1572054.6957588133,6349.0454537318101,0,2010
13,30.4,-87.5,1609469.5975178732,6476.0263628064458,0,2011
13,30.4,-87.5,1648418.7617778056,6605.5468900625747,0,2012
13,30.4,-87.5,1688310.4958128284,6737.6578278638262,0,2013
13,30.4,-87.5,1719713.0710349469,6872.4109844211034,0,2014
13,30.4,-87.5,1753935.3611485425,7009.8592041095253,0,2015
13,30.4,-87.5,1793048.119702155,7150.0563881917151,0,2016
13,30.4,-87.5,1822992.0233011809,7293.0575159555492,0,2017
13,30.4,-87.5,1850519.2028530289,7438.9186662746606,0,2018
13,30.4,-87.5,1882903.288902957,7587.6970396001543,0,2019
13,30.4,-87.5,1926398.3548766156,7739.4509803921574,0,2020
13,30.4,-87.5,1967238,7894.24,54707.083199999994,2021
14,18,-77.2,179338.38178441674,1715.2025629154668,0,1985
14,18,-77.2,182978.95093464039,1749.5066141737761,0,1986
14,18,-77.2,185851.72046431425,1784.4967464572517,0,1987
14,18,-77.2,189494.41418541482,1820.1866813863967,0,1988
14,18,-77.2,194004.38124302769,1856.5904150141246,0,1989
14,18,-77.2,197457.65922915359,1893.7222233144071,0,1990
14,18,-77.2,202216.38881657619,1931.5966677806953,0,1991
14,18,-77.2,206442.71134284261,1970.228601136309,0,1992
14,18,-77.2,211190.89370372798,2009.6331731590351,0,1993
14,18,-77.2,216470.66604632116,2049.8258366222158,0,1994
14,18,-77.2,220497.02043478272,2090.8223533546602,0,1995
14,18,-77.2,225480.25309660879,2132.6388004217533,0,1996
14,18,-77.2,230057.50223446995,2175.2915764301888,12486.173648709284,1997
14,18,-77.2,235647.89953876758,2218.797407958793,0,1998
14,18,-77.2,240078.08005009641,2263.1733561179685,0,1999
14,18,-77.2,245119.71973114842,2308.4368232403281,0,2000
14,18,-77.2,249850.53032195961,2354.6055597051345,0,2001
14,18,-77.2,254572.70534504461,2401.697670899237,0,2002
14,18,-77.2,259689.61672248002,2449.7316243172218,0,2003
14,18,-77.2,264156.27813010669,2498.7262568035662,0,2004
14,18,-77.2,268884.67550863558,2548.7007819396376,0,2005
14,18,-77.2,273912.81894064706,2599.6747975784306,0,2006
14,18,-77.2,280240.20505817607,2651.6682935299991,0,2007
14,18,-77.2,285060.3365851767,2704.7016594005991,0,2008
14,18,-77.2,289934.86834078323,2758.7956925886115,0,2009
14,18,-77.2,294312.8848527291,2813.9716064403838,0,2010
14,18,-77.2,301023.2186273713,2870.2510385691912,0,2011
14,18,-77.2,307103.88764364418,2927.6560593405748,0,2012
14,18,-77.2,312570.33684370108,2986.2091805273863,0,2013
14,18,-77.2,317321.40596372535,3045.9333641379339,0,2014
14,18,-77.2,323350.51267703617,3106.8520314206926,0,2015
14,18,-77.2,330496.55900719867,3168.9890720491067,0,2016
14,18,-77.2,336974.29156373977,3232.3688534900884,0,2017
14,18,-77.2,345027.97713211318,3297.0162305598901,0,2018
14,18,-77.2,351514.5031021969,3362.9565551710884,0,2019
14,18,-77.2,358017.52140958753,3430.2156862745105,0,2020
14,18,-77.2,363710,3498.82,0,2021
15,41.9,-87.9,679480.84188914183,2887.4731823528036,17815.709535116799,1985
15,41.9,-87.9,691575.60087476857,2945.2226459998597,0,1986
15,41.9,-87.9,706859.421654101,3004.1270989198574,0,1987
15,41.9,-87.9,722551.70081482199,3064.2096408982547,0,1988
15,41.9,-87.9,737725.28653193323,3125.4938337162198,0,1989
15,41.9,-87.9,753143.74502045056,3188.0037103905443,0,1990
15,41.9,-87.9,767830.04804834945,3251.7637845983554,0,1991
15,41.9,-87.9,786872.23323994852,3316.7990602903224,0,1992
15,41.9,-87.9,801980.18011815567,3383.1350414961294,0,1993
15,41.9,-87.9,816816.81345034146,3450.7977423260518,0,1994
15,41.9,-87.9,830212.609190927,3519.813697172573,0,1995
15,41.9,-87.9,842914.86211154831,3590.2099711160249,0,1996
15,41.9,-87.9,859688.86786756816,3662.0141705383453,0,1997
15,41.9,-87.9,877914.27186636068,3735.2544539491123,0,1998
15,41.9,-87.9,898896.42296396673,3809.9595430280947,27507.907900662842,1999
15,41.9,-87.9,919571.0406921379,3886.1587338886566,0,2000
15,41.9,-87.9,942008.57408502605,3963.88190856643,0,2001
15,41.9,-87.9,961602.35242599447,4043.1595467377588,0,2002
15,41.9,-87.9,981315.20065072726,4124.0227376725143,0,2003
15,41.9,-87.9,998684.47970224521,4206.5031924259656,0,2004
15,41.9,-87.9,1015262.6420653025,4290.6332562744856,0,2005
15,41.9,-87.9,1031709.8968667603,4376.4459213999753,0,2006
15,41.9,-87.9,1051828.2398556622,4463.9748398279744,0,2007
15,41.9,-87.9,1075284.0096044436,4553.2543366245336,0,2008
15,41.9,-87.9,1097864.9738061368,4644.3194233570239,0,2009
15,41.9,-87.9,1115760.1728791767,4737.2058118241648,0,2010
15,41.9,-87.9,1137963.8003194723,4831.9499280606487,0,2011
15,41.9,-87.9,1165730.1170472675,4928.5889266218619,0,2012
15,41.9,-87.9,1184381.7989200237,5027.1607051542996,0,2013
15,41.9,-87.9,1208424.7494381003,5127.7039192573857,0,2014
15,41.9,-87.9,1231263.9772024802,5230.2579976425332,0,2015
15,41.9,-87.9,1249979.189655958,5334.8631575953841,0,2016
15,41.9,-87.9,1280478.6818835633,5441.5604207472916,0,2017
15,41.9,-87.9,1310954.074512392,5550.3916291622363,0,2018
15,41.9,-87.9,1333764.6754089077,5661.3994617454819,0,2019
15,41.9,-87.9,1363374.2512029854,5774.6274509803916,0,2020
15,41.9,-87.9,1388324,5890.12,0,2021
16,26.5,-97.8,276311.79559630225,2079.3991457751586,0,1985
16,26.5,-97.8,282003.81858558609,2120.9871286906618,0,1986
16,26.5,-97.8,288489.90641305456,2163.4068712644753,0,1987
16,26.5,-97.8,293653.87573784823,2206.675008689765,0,1988
16,26.5,-97.8,300496.01104254014,2250.8085088635603,0,1989
16,26.5,-97.8,306025.13764572289,2295.8246790408316,0,1990
16,26.5,-97.8,310799.12979299616,2341.7411726216483,0,1991
16,26.5,-97.8,317263.75169269048,2388.5759960740816,0,1992
16,26.5,-97.8,322498.60359561985,2436.3475159955638,0,1993
16,26.5,-97.8,330561.06868551031,2485.0744663154755,0,1994
16,26.5,-97.8,337370.62670043181,2534.775955641785,0,1995
16,26.5,-97.8,345298.83642789198,2585.4714747546209,0,1996
16,26.5,-97.8,352135.75338916422,2637.180904249713,0,1997
16,26.5,-97.8,358579.83767618594,2689.9245223347075,0,1998
16,26.5,-97.8,365894.86636478011,2743.7230127814018,0,1999
16,26.5,-97.8,374566.57469762542,2798.5974730370299,0,2000
16,26.5,-97.8,381570.96964447101,2854.5694224977706,0,2001
16,26.5,-97.8,388133.99032235594,2911.6608109477265,0,2002
16,26.5,-97.8,396323.6175181577,2969.8940271666816,0,2003
16,26.5,-97.8,404725.6782095427,3029.291907710015,0,2004
16,26.5,-97.8,414803.34759696026,3089.8777458642153,0,2005
16,26.5,-97.8,421979.44551038771,3151.6753007814991,0,2006
16,26.5,-97.8,431895.96247988183,3214.7088067971295,0,2007
16,26.5,-97.8,441354.48405819124,3279.0029829330724,0,2008
16,26.5,-97.8,450534.65732660156,3344.5830425917338,0,2009
16,26.5,-97.8,458914.60195287631,3411.4747034435686,0,2010
16,26.5,-97.8,469699.09509876894,3479.7041975124403,0,2011
16,26.5,-97.8,478623.37790564564,3549.2982814626894,0,2012
16,26.5,-97.8,490349.65066433395,3620.2842470919431,0,2013
16,26.5,-97.8,498636.55976056115,3692.6899320337825,0,2014
16,26.5,-97.8,509656.42773126956,3766.5437306744579,0,2015
16,26.5,-97.8,518881.20907320554,3841.8746052879474,0,2016
16,26.5,-97.8,528584.28768287448,3918.7120973937067,0,2017
16,26.5,-97.8,538363.09700500767,3997.0863393415802,0,2018
16,26.5,-97.8,548268.97798989981,4077.0280661284119,0,2019
16,26.5,-97.8,560824.33758586843,4158.5686274509799,0,2020
16,26.5,-97.8,571480,4241.74,0,2021
17,33.799999999999997,-80.7,1695941.3058905303,8369.8200553076713,0,1985
17,33.799999999999997,-80.7,1734439.1735342452,8537.2164564138238,0,1986
17,33.799999999999997,-80.7,1768434.1813355165,8707.9607855421,85425.095306168005,1987
17,33.799999999999997,-80.7,1810699.7582694355,8882.1200012529425,0,1988
17,33.799999999999997,-80.7,1846189.4735315165,9059.7624012779997,0,1989
17,33.799999999999997,-80.7,1880713.2166865557,9240.9576493035584,0,1990
17,33.799999999999997,-80.7,1916070.6251602627,9425.7768022896307,0,1991
17,33.799999999999997,-80.7,1945386.505725215,9614.2923383354246,0,1992
17,33.799999999999997,-80.7,1988768.6248028872,9806.5781851021329,0,1993
17,33.799999999999997,-80.7,2032720.4114110309,10002.709748804175,0,1994
17,33.799999999999997,-80.7,2064430.849829043,10202.763943780259,0,1995
17,33.799999999999997,-80.7,2113357.8609699914,10406.819222655864,0,1996
17,33.799999999999997,-80.7,2151398.3024674514,10614.955607108981,0,1997
17,33.799999999999997,-80.7,2203892.4210476573,10827.254719251161,0,1998
17,33.799999999999997,-80.7,2240036.2567528388,11043.799813636184,0,1999
17,33.799999999999997,-80.7,2289541.0580270765,11264.675809908907,0,2000
17,33.799999999999997,-80.7,2328005.3478019312,11489.969326107086,0,2001
17,33.799999999999997,-80.7,2374332.6542231897,11719.768712629229,0,2002
17,33.799999999999997,-80.7,2409947.644036538,11954.164086881814,0,2003
17,33.799999999999997,-80.7,2456459.6335664433,12193.24736861945,0,2004
17,33.799999999999997,-80.7,2500430.2610072829,12437.112315991841,0,2005
17,33.799999999999997,-80.7,2552939.2964884355,12685.854562311677,0,2006
17,33.799999999999997,-80.7,2606040.4338553948,12939.571653557909,0,2007
17,33.799999999999997,-80.7,2647215.8727103104,13198.363086629066,0,2008
17,33.799999999999997,-80.7,2699366.0254027038,13462.330348361647,0,2009
17,33.799999999999997,-80.7,2759291.9511666438,13731.576955328883,0,2010
17,33.799999999999997,-80.7,2808683.2770925267,14006.208494435459,0,2011
17,33.799999999999997,-80.7,2874687.3341042013,14286.332664324169,0,2012
17,33.799999999999997,-80.7,2925281.8311844356,14572.059317610652,0,2013
17,33.799999999999997,-80.7,2977644.3759626369,14863.500503962867,0,2014
17,33.799999999999997,-80.7,3026477.743728424,15160.770514042124,0,2015
17,33.799999999999997,-80.7,3097297.3229316692,15463.985924322968,0,2016
17,33.799999999999997,-80.7,3157694.6207288369,15773.265642809429,85806.565096883292,2017
17,33.799999999999997,-80.7,3227795.4413090171,16088.730955665616,0,2018
17,33.799999999999997,-80.7,3286864.0978849721,16410.50557477893,82544.843041138025,2019
17,33.799999999999997,-80.7,3342083.4147294392,16738.715686274511,0,2020
17,33.799999999999997,-80.7,3421625,17073.490000000002,137783.06430000003,2021
18,24.8,-111.6,334458.92207790562,1974.6188496188702,0,1985
18,24.8,-111.6,340211.61553764564,2014.1112266112477,0,1986
18,24.8,-111.6,345518.91674003296,2054.3934511434727,0,1987
18,24.8,-111.6,352705.71020822565,2095.4813201663424,0,1988
18,24.8,-111.6,360324.15354872332,2137.3909465696693,0,1989
18,24.8,-111.6,368899.86840318295,2180.1387655010626,20754.921047570115,1990
18,24.8,-111.6,375540.06603444024,2223.7415408110837,0,1991
18,24.8,-111.6,384252.59556643927,2268.2163716273053,16671.390331460694,1992
18,24.8,-111.6,390016.3844999359,2313.5806990598512,0,1993
18,24.8,-111.6,399766.79411243426,2359.8523130410485,0,1994
18,24.8,-111.6,407642.19995644921,2407.0493593018696,0,1995
18,24.8,-111.6,417507.14119539526,2455.1903464879069,0,1996
18,24.8,-111.6,426107.78830402036,2504.2941534176653,0,1997
18,24.8,-111.6,434459.50095477916,2554.3800364860185,0,1998
18,24.8,-111.6,441628.08272053301,2605.4676372157387,0,1999
18,24.8,-111.6,448605.80642751744,2657.5769899600532,0,2000
18,24.8,-111.6,458789.15823342209,2710.7285297592543,0,2001
18,24.8,-111.6,468653.12513544067,2764.9431003544396,0,2002
18,24.8,-111.6,477135.74670039216,2820.2419623615283,0,2003
18,24.8,-111.6,485771.90371566924,2876.6468016087592,0,2004
18,24.8,-111.6,496264.57683592773,2934.1797376409349,0,2005
18,24.8,-111.6,506785.38586484944,2992.8633323937534,0,2006
18,24.8,-111.6,516819.73650497349,3052.7205990416287,0,2007
18,24.8,-111.6,525192.21623635408,3113.7750110224615,0,2008
18,24.8,-111.6,536483.84888543573,3176.0505112429105,0,2009
18,24.8,-111.6,546569.74524448183,3239.5715214677689,0,2010
18,24.8,-111.6,558320.99476723827,3304.3629518971243,0,2011
18,24.8,-111.6,566695.80968874693,3370.4502109350669,25649.126105215859,2012
18,24.8,-111.6,579786.48289255705,3437.8592151537687,0,2013
18,24.8,-111.6,588831.15202568099,3506.6163994568437,19040.927049050661,2014
18,24.8,-111.6,601491.02179423312,3576.7487274459809,0,2015
18,24.8,-111.6,615926.80631729471,3648.2837019949006,0,2016
18,24.8,-111.6,629908.34482069733,3721.2493760347988,0,2017
18,24.8,-111.6,643073.42922744981,3795.6743635554949,0,2018
18,24.8,-111.6,658571.49887183134,3871.5878508266046,0,2019
18,24.8,-111.6,674904.07204385276,3949.0196078431368,23931.058823529409,2020
18,24.8,-111.6,689482,4028,0,2021
19,51.1,-114.3,821486.52445552277,5989.5317443093036,0,1985
19,51.1,-114.3,834301.71423702897,6109.3223791954897,0,1986
19,51.1,-114.3,850737.45800749853,6231.508826779399,59386.279119207669,1987
19,51.1,-114.3,863838.81486081402,6356.1390033149864,0,1988
19,51.1,-114.3,878696.8424764201,6483.2617833812856,0,1989
19,51.1,-114.3,898203.91237939661,6612.9270190489115,0,1990
19,51.1,-114.3,919850.62666774006,6745.1855594298904,0,1991
19,51.1,-114.3,936039.99769709236,6880.0892706184886,0,1992
19,51.1,-114.3,950174.20166231855,7017.6910560308579,0,1993
19,51.1,-114.3,967942.45923340379,7158.0448771514757,0,1994
19,51.1,-114.3,989430.78182838531,7301.2057746945056,0,1995
19,51.1,-114.3,1005657.4466503708,7447.229890188396,0,1996
19,51.1,-114.3,1023155.8862220874,7596.1744879921644,0,1997
19,51.1,-114.3,1047711.6274914176,7748.0979777520079,0,1998
19,51.1,-114.3,1071389.9102727235,7903.0599373070481,0,1999
19,51.1,-114.3,1097531.8240833781,8061.1211360531897,0,2000
19,51.1,-114.3,1121567.7710308041,8222.3435587742533,0,2001
19,51.1,-114.3,1142877.5586803895,8386.7904299497386,0,2002
19,51.1,-114.3,1164935.0955629211,8554.5262385487331,0,2003
19,51.1,-114.3,1188000.8104550671,8725.6167633197074,0,2004
19,51.1,-114.3,1210097.6255295314,8900.1290985861015,0,2005
19,51.1,-114.3,1234299.5780401221,9078.1316805578244,0,2006
19,51.1,-114.3,1253678.0814153519,9259.6943141689808,0,2007
19,51.1,-114.3,1274990.6087994131,9444.8882004523603,0,2008
19,51.1,-114.3,1300745.4190971612,9633.7859644614073,0,2009
19,51.1,-114.3,1328581.3710658406,9826.4616837506346,0,2010
19,51.1,-114.3,1355684.4310355836,10022.990917425648,0,2011
19,51.1,-114.3,1385916.1938476772,10223.450735774162,94055.746769122285,2012
19,51.1,-114.3,1411139.868575705,10427.919750489646,0,2013
19,51.1,-114.3,1445853.9093426673,10636.478145499439,85730.013852725489,2014
19,51.1,-114.3,1479542.3054303515,10849.207708409427,0,2015
19,51.1,-114.3,1511796.3276887333,11066.191862577616,0,2016
19,51.1,-114.3,1547021.1821238811,11287.51569982917,0,2017
19,51.1,-114.3,1576105.18034781,11513.266013825752,0,2018
19,51.1,-114.3,1613301.2626040184,11743.531334102268,0,2019
19,51.1,-114.3,1646857.928866182,11978.401960784313,0,2020
19,51.1,-114.3,1676172,12217.97,81738.219299999997,2021
20,25,-77.400000000000006,1440679.9570730533,6620.4146231921268,0,1985
20,25,-77.400000000000006,1469061.3522273926,6752.8229156559701,0,1986
20,25,-77.400000000000006,1493007.052268699,6887.87937396909,60613.338490927999,1987
20,25,-77.400000000000006,1526002.5081238374,7025.636961448472,0,1988
20,25,-77.400000000000006,1551028.9492570683,7166.1497006774425,0,1989
20,25,-77.400000000000006,1586392.4093001294,7309.4726946909914,45757.299068765606,1990
20,25,-77.400000000000006,1613995.6372219517,7455.6621485848109,0,1991
20,25,-77.400000000000006,1648373.7442947794,7604.7753915565072,0,1992
20,25,-77.400000000000006,1683319.2676738289,7756.870899387638,0,1993
20,25,-77.400000000000006,1721362.2831232573,7912.0083173753901,42012.764165263317,1994
20,25,-77.400000000000006,1752174.6679911637,8070.2484837228985,0,1995
20,25,-77.400000000000006,1789320.7709525765,8231.6534533973554,0,1996
20,25,-77.400000000000006,1824570.3901403423,8396.2865224653033,0,1997
20,25,-77.400000000000006,1859784.598670051,8564.2122529146091,0,1998
20,25,-77.400000000000006,1899769.9675414572,8735.4964979729011,0,1999
20,25,-77.400000000000006,1944794.5157721897,8910.2064279323586,0,2000
20,25,-77.400000000000006,1985440.7211518283,9088.410556491006,0,2001
20,25,-77.400000000000006,2022568.4626373674,9270.178767620826,0,2002
20,25,-77.400000000000006,2061199.5202737413,9455.5823429732427,0,2003
20,25,-77.400000000000006,2103866.3503434076,9644.6939898327073,0,2004
20,25,-77.400000000000006,2144050.197634967,9837.5878696293621,0,2005
20,25,-77.400000000000006,2178569.4058168898,10034.339627021949,0,2006
20,25,-77.400000000000006,2213862.2301911232,10235.026419562389,0,2007
20,25,-77.400000000000006,2266773.5374926911,10439.726947953639,0,2008
20,25,-77.400000000000006,2303041.9140925743,10648.52148691271,0,2009
20,25,-77.400000000000006,2347951.2314173798,10861.491916650964,93408.830483198297,2010
20,25,-77.400000000000006,2385988.0413663415,11078.721754983982,0,2011
20,25,-77.400000000000006,2422016.4607909736,11300.296190083662,0,2012
20,25,-77.400000000000006,2470456.7900067931,11526.302113885335,0,2013
20,25,-77.400000000000006,2516654.3319799202,11756.828156163043,0,2014
20,25,-77.400000000000006,2557927.4630243909,11991.964719286305,0,2015
20,25,-77.400000000000006,2596807.960462362,12231.804013672032,0,2016
20,25,-77.400000000000006,2644848.9077309156,12476.440093945474,0,2017
20,25,-77.400000000000006,2697745.8858855339,12725.968895824382,0,2018
20,25,-77.400000000000006,2739021.3979395828,12980.48827374087,0,2019
20,25,-77.400000000000006,2796814.7494361084,13240.098039215687,0,2020
20,25,-77.400000000000006,2851912,13504.9,0,2021
21,35.6,-87,1559810.2088154929,11374.628148697288,0,1985
21,35.6,-87,1598181.539952354,11602.120711671232,0,1986
21,35.6,-87,1636058.4424492249,11834.163125904657,0,1987
21,35.6,-87,1670579.2755849038,12070.846388422751,0,1988
21,35.6,-87,1705995.5562273038,12312.263316191205,0,1989
21,35.6,-87,1740115.4673518499,12558.508582515031,0,1990
21,35.6,-87,1767609.2917360093,12809.678754165332,0,1991
21,35.6,-87,1801547.3901373409,13065.872329248639,0,1992
21,35.6,-87,1833795.0884207992,13327.189775833613,0,1993
21,35.6,-87,1878906.4475959509,13593.733571350287,0,1994
21,35.6,-87,1920430.2800878214,13865.608242777293,0,1995
21,35.6,-87,1949428.7773171477,14142.920407632839,105647.61544501731,1996
21,35.6,-87,1978670.2089769051,14425.778815785496,0,1997
21,35.6,-87,2025168.9588878625,14714.294392101207,0,1998
21,35.6,-87,2062229.5508355103,15008.580279943231,0,1999
21,35.6,-87,2112754.1748309801,15308.751885542097,0,2000
21,35.6,-87,2146980.7924632421,15614.926923252939,0,2001
21,35.6,-87,2198937.7276408523,15927.225461717997,0,2002
21,35.6,-87,2250612.7642404125,16245.769970952359,0,2003
21,35.6,-87,2293599.4680374046,16570.685370371404,0,2004
21,35.6,-87,2337865.9377705269,16902.099077778832,0,2005
21,35.6,-87,2396078.799621013,17240.141059334408,0,2006
21,35.6,-87,2435374.4919347977,17584.943880521096,0,2007
21,35.6,-87,2476288.783399302,17936.642758131518,0,2008
21,35.6,-87,2515166.5172986714,18295.375613294149,0,2009
21,35.6,-87,2557421.3147892891,18661.283125560032,0,2010
21,35.6,-87,2618799.4263442322,19034.508788071234,0,2011
21,35.6,-87,2664628.4163052565,19415.19896383266,0,2012
21,35.6,-87,2714456.9676901647,19803.502943109313,0,2013
21,35.6,-87,2756802.4963861313,20199.573001971501,0,2014
21,35.6,-87,2814971.029059879,20603.564462010931,0,2015
21,35.6,-87,2885345.3047863757,21015.635751251149,192923.53619648554,2016
21,35.6,-87,2932087.8987239148,21435.948466276172,0,2017
21,35.6,-87,2988090.7775895419,21864.667435601696,0,2018
21,35.6,-87,3037991.893575287,22301.960784313727,0,2019
21,35.6,-87,3087814.9606299214,22748,0,2020
21,35.6,-87,3137220,23202.959999999999,0,2021
22,39.4,-94.8,2444890.5100650196,8427.8869874668926,0,1985
22,39.4,-94.8,2489876.4954502159,8596.4447272162306,57424.250777804416,1986
22,39.4,-94.8,2536935.1612142245,8768.3736217605547,0,1987
22,39.4,-94.8,2596045.7504705163,8943.741094195766,0,1988
22,39.4,-94.8,2648485.8746300205,9122.6159160796815,0,1989
22,39.4,-94.8,2701985.2892975467,9305.0682344012748,0,1990
22,39.4,-94.8,2766022.3406538987,9491.1695990893004,0,1991
22,39.4,-94.8,2827704.6388504808,9680.9929910710853,0,1992
22,39.4,-94.8,2889631.3704413064,9874.6128508925085,0,1993
22,39.4,-94.8,2960427.3390171183,10072.105107910358,0,1994
22,39.4,-94.8,3031181.5524196276,10273.547210068564,0,1995
22,39.4,-94.8,3088167.7656051163,10479.018154269936,0,1996
22,39.4,-94.8,3144372.4189391294,10688.598517355334,0,1997
22,39.4,-94.8,3201599.9969638214,10902.370487702441,0,1998
22,39.4,-94.8,3249623.9969182792,11120.417897456489,0,1999
22,39.4,-94.8,3322740.5368489404,11342.82625540562,0,2000
22,39.4,-94.8,3378894.8519216874,11569.682780513733,0,2001
22,39.4,-94.8,3437687.6223451248,11801.076436124007,0,2002
22,39.4,-94.8,3506097.6060297932,12037.097964846489,0,2003
22,39.4,-94.8,3574466.5093473746,12277.83992414342,0,2004
22,39.4,-94.8,3654534.5591567555,12523.39672262629,0,2005
22,39.4,-94.8,3734568.8660022886,12773.864657078815,64763.493811389599,2006
22,39.4,-94.8,3809260.2433223343,13029.341950220392,0,2007
22,39.4,-94.8,3901063.4151864024,13289.928789224801,85454.242114715467,2008
22,39.4,-94.8,3967381.4932445716,13555.727365009298,0,2009
22,39.4,-94.8,4031653.0734351338,13826.841912309485,0,2010
22,39.4,-94.8,4094546.8613807219,14103.378750555674,0,2011
22,39.4,-94.8,4162516.3392796419,14385.446325566787,0,2012
22,39.4,-94.8,4265330.4928598488,14673.155252078124,0,2013
22,39.4,-94.8,4336561.5120906075,14966.618357119687,0,2014
22,39.4,-94.8,4444108.2375904545,15265.950724262084,0,2015
22,39.4,-94.8,4523657.7750433236,15571.269738747324,0,2016
22,39.4,-94.8,4603726.5176615911,15882.695133522271,0,2017
22,39.4,-94.8,4715136.6993890014,16200.349036192716,0,2018
22,39.4,-94.8,4791521.9139191033,16524.356016916572,0,2019
22,39.4,-94.8,4902206.0701306351,16854.843137254902,0,2020
22,39.4,-94.8,4990936,17191.939999999999,0,2021
23,4.8,-52.5,465761.17213631026,4289.5015878972417,0,1985
23,4.8,-52.5,473399.65535934572,4375.2916196551869,30145.759259424238,1986
23,4.8,-52.5,483625.08791510761,4462.7974520482903,43780.043004593732,1987
23,4.8,-52.5,494216.47734044847,4552.0534010892561,0,1988
23,4.8,-52.5,502222.78427336371,4643.0944691110417,0,1989
23,4.8,-52.5,511664.57261770288,4735.9563584932621,0,1990
23,4.8,-52.5,522870.02675803058,4830.6754856631278,45504.963074946667,1991
23,4.8,-52.5,533379.71429586702,4927.2889953763897,0,1992
23,4.8,-52.5,542500.50741032639,5025.8347752839172,0,1993
23,4.8,-52.5,553784.51796446112,5126.3514707895956,30245.473677658618,1994
23,4.8,-52.5,564140.2884503965,5228.8785002053874,0,1995
23,4.8,-52.5,575028.19601748919,5333.456070209495,0,1996
23,4.8,-52.5,585206.19508699875,5440.1251916136844,0,1997
23,4.8,-52.5,594745.05606691679,5548.9276954459583,0,1998
23,4.8,-52.5,607769.97279478225,5659.9062493548772,0,1999
23,4.8,-52.5,620411.58822891372,5773.104374341975,51727.015194104104,2000
23,4.8,-52.5,629717.76205234753,5888.5664618288138,0,2001
23,4.8,-52.5,644893.96011780913,6006.3377910653908,0,2002
23,4.8,-52.5,656437.56200391788,6126.4645468866984,0,2003
23,4.8,-52.5,670354.03831840097,6248.9938378244333,0,2004
23,4.8,-52.5,684498.50852691929,6373.9737145809222,0,2005
23,4.8,-52.5,701200.27213497611,6501.4531888725396,0,2006
23,4.8,-52.5,712629.83657077618,6631.4822526499902,0,2007
23,4.8,-52.5,725884.75153099257,6764.111897702991,0,2008
23,4.8,-52.5,736773.02280395757,6899.3941356570513,0,2009
23,4.8,-52.5,754308.2207466918,7037.3820183701919,0,2010
23,4.8,-52.5,772185.32557838841,7178.1296587375955,41489.589427503306,2011
23,4.8,-52.5,788941.74714343948,7321.6922519123482,0,2012
23,4.8,-52.5,802117.07432073483,7468.1260969505947,0,2013
23,4.8,-52.5,819442.80312606273,7617.4886188896062,0,2014
23,4.8,-52.5,839027.48612077569,7769.8383912673989,0,2015
23,4.8,-52.5,855808.0358431912,7925.2351590927465,0,2016
23,4.8,-52.5,876775.33272134932,8083.7398622746023,0,2017
23,4.8,-52.5,892644.96624360571,8245.4146595200946,0,2018
23,4.8,-52.5,912283.15550096508,8410.3229527104959,0,2019
23,4.8,-52.5,930984.96018873481,8578.5294117647063,0,2020
23,4.8,-52.5,947091,8750.1,0,2021
24,15,-83.7,200942.78680167874,1336.7404863805198,0,1985
24,15,-83.7,204278.4370625866,1363.4752961081304,0,1986
24,15,-83.7,208772.56267796352,1390.7448020302929,0,1987
24,15,-83.7,212989.76844405837,1418.5596980708988,0,1988
24,15,-83.7,216589.29553076293,1446.9308920323169,0,1989
24,15,-83.7,220076.38318880822,1475.8695098729631,0,1990
24,15,-83.7,223663.62823478578,1505.3869000704224,0,1991
24,15,-83.7,228785.52532136237,1535.4946380718309,0,1992
24,15,-83.7,233544.26424804667,1566.2045308332674,0,1993
24,15,-83.7,238331.92166513161,1597.5286214499329,0,1994
24,15,-83.7,242884.06136893565,1629.4791938789315,0,1995
24,15,-83.7,247814.60781472505,1662.0687777565104,0,1996
24,15,-83.7,253192.18480430459,1695.3101533116405,0,1997
24,15,-83.7,258939.64739936229,1729.2163563778734,0,1998
24,15,-83.7,263704.13691151055,1763.8006835054307,0,1999
24,15,-83.7,269479.25750987267,1799.0766971755395,0,2000
24,15,-83.7,274545.46755105827,1835.0582311190503,0,2001
24,15,-83.7,278938.19503187522,1871.7593957414313,0,2002
24,15,-83.7,284182.23309847445,1909.1945836562602,0,2003
24,15,-83.7,290405.82400333107,1947.3784753293855,0,2004
24,15,-83.7,295516.96650578972,1986.3260448359736,11540.554320497005,2005
24,15,-83.7,301043.13377944799,2026.052565732693,0,2006
24,15,-83.7,307846.70860286348,2066.5736170473469,0,2007
24,15,-83.7,313080.10264911217,2107.9050893882941,0,2008
24,15,-83.7,319373.01271235931,2150.0631911760602,0,2009
24,15,-83.7,324291.35710812965,2193.0644549995814,0,2010
24,15,-83.7,332139.2079501464,2236.925744099573,0,2011
24,15,-83.7,338948.06171312439,2281.6642589815647,0,2012
24,15,-83.7,344100.07225116389,2327.2975441611961,0,2013
24,15,-83.7,351739.09385513974,2373.8434950444203,0,2014
24,15,-83.7,358984.91918855562,2421.3203649453085,20218.025047293326,2015
24,15,-83.7,366810.79042686615,2469.7467722442148,0,2016
24,15,-83.7,374843.94673721452,2519.1417076890989,0,2017
24,15,-83.7,382490.76325065369,2569.5245418428808,19142.957836729463,2018
24,15,-83.7,389987.5822103665,2620.9150326797385,0,2019
24,15,-83.7,399035.29411764705,2673.3333333333335,0,2020
24,15,-83.7,407016,2726.8,0,2021
25,35.4,-90.9,2173623.3494690815,17795.801376891748,0,1985
25,35.4,-90.9,2209053.4100654274,18151.717404429583,133415.12292255744,1986
25,35.4,-90.9,2261407.975883978,18514.751752518176,0,1987
25,35.4,-90.9,2309123.68417513,18885.046787568535,0,1988
25,35.4,-90.9,2344453.2765430096,19262.747723319906,0,1989
25,35.4,-90.9,2398375.7019034987,19648.002677786302,0,1990
25,35.4,-90.9,2442505.8148185229,20040.962731342031,0,1991
25,35.4,-90.9,2499416.2003037948,20441.781985968872,186429.0517120361,1992
25,35.4,-90.9,2560152.0139711769,20850.61762568825,0,1993
25,35.4,-90.9,2607770.8414310408,21267.629978202014,0,1994
25,35.4,-90.9,2650538.2832305096,21692.982577766055,0,1995
25,35.4,-90.9,2695067.3263887819,22126.842229321377,0,1996
25,35.4,-90.9,2743309.0315311411,22569.379073907803,0,1997
25,35.4,-90.9,2795980.5649365392,23020.76665538596,0,1998
25,35.4,-90.9,2855814.5490261815,23481.181988493681,144878.892869006,1999
25,35.4,-90.9,2902364.3261753083,23950.805628263555,190887.92085726053,2000
25,35.4,-90.9,2955187.3569116988,24429.821740828826,0,2001
25,35.4,-90.9,3026111.8534775795,24918.418175645402,0,2002
25,35.4,-90.9,3091778.480698043,25416.786539158311,162667.43385061319,2003
25,35.4,-90.9,3168763.764867424,25925.122269941479,183809.11689388508,2004
25,35.4,-90.9,3243546.5897182953,26443.624715340313,0,2005
25,35.4,-90.9,3298686.8817435065,26972.497209647117,0,2006
25,35.4,-90.9,3352125.6092277514,27511.947153840058,201387.45316610922,2007
25,35.4,-90.9,3412463.8701938512,28062.186096916859,0,2008
25,35.4,-90.9,3495727.9886265812,28623.429818855198,0,2009
25,35.4,-90.9,3557951.9468241343,29195.898415232303,0,2010
25,35.4,-90.9,3632668.9377074409,29779.816383536952,0,2011
25,35.4,-90.9,3720942.7928937315,30375.412711207689,0,2012
25,35.4,-90.9,3813966.3627160746,30982.920965431844,0,2013
25,35.4,-90.9,3892534.0697880257,31602.579384740482,0,2014
25,35.4,-90.9,3964156.6966721253,32234.630972435294,0,2015
25,35.4,-90.9,4045818.3246235708,32879.323591884,0,2016
25,35.4,-90.9,4108528.5086552366,33536.910063721683,0,2017
25,35.4,-90.9,4211241.7213716172,34207.648264996118,0,2018
25,35.4,-90.9,4288307.4448727174,34891.801230296041,0,2019
25,35.4,-90.9,4380506.0549374809,35589.637254901965,0,2020
25,35.4,-90.9,4449280,36301.43,0,2021
26,39.700000000000003,-86.1,679009.00607001758,7200.0397694741187,0,1985
26,39.700000000000003,-86.1,690348.45647138683,7344.0405648636006,0,1986
26,39.700000000000003,-86.1,703050.86807046027,7490.9213761608726,0,1987
26,39.700000000000003,-86.1,716549.4447374132,7640.7398036840905,0,1988
26,39.700000000000003,-86.1,728157.54574215924,7793.5545997577728,0,1989
26,39.700000000000003,-86.1,746288.66863113898,7949.4256917529283,0,1990
26,39.700000000000003,-86.1,758453.17392982647,8108.4142055879865,0,1991
26,39.700000000000003,-86.1,773243.01082145819,8270.5824896997474,0,1992
26,39.700000000000003,-86.1,790872.95146818738,8435.9941394937414,0,1993
26,39.700000000000003,-86.1,807797.63262960664,8604.7140222836169,0,1994
26,39.700000000000003,-86.1,821610.97214757302,8776.8083027292887,0,1995
26,39.700000000000003,-86.1,837385.90281280654,8952.3444687838746,0,1996
26,39.700000000000003,-86.1,850700.33866753022,9131.3913581595534,0,1997
26,39.700000000000003,-86.1,868565.04577954824,9314.0191853227443,64266.732378726942,1998
26,39.700000000000003,-86.1,883938.64708984632,9500.2995690291973,53106.674590873212,1999
26,39.700000000000003,-86.1,900733.48138455348,9690.3055604097826,0,2000
26,39.700000000000003,-86.1,922981.59837475186,9884.1116716179786,0,2001
26,39.700000000000003,-86.1,937841.60210858542,10081.793905050337,0,2002
26,39.700000000000003,-86.1,954347.61430569657,10283.429783151345,0,2003
26,39.700000000000003,-86.1,975438.69658185251,10489.098378814371,0,2004
26,39.700000000000003,-86.1,997776.2427335768,10698.880346390661,0,2005
26,39.700000000000003,-86.1,1019427.9872008954,10912.857953318475,0,2006
26,39.700000000000003,-86.1,1041447.6317244348,11131.115112384843,0,2007
26,39.700000000000003,-86.1,1061964.1500694063,11353.73741463254,0,2008
26,39.700000000000003,-86.1,1084371.5936358708,11580.812162925193,0,2009
26,39.700000000000003,-86.1,1107360.2714209515,11812.428406183697,0,2010
26,39.700000000000003,-86.1,1130614.8371207914,12048.676974307373,0,2011
26,39.700000000000003,-86.1,1154809.9946351764,12289.65051379352,0,2012
26,39.700000000000003,-86.1,1176751.3845332449,12535.443524069393,0,2013
26,39.700000000000003,-86.1,1197109.1834856702,12786.15239455078,0,2014
26,39.700000000000003,-86.1,1223565.2964407036,13041.875442441795,0,2015
26,39.700000000000003,-86.1,1244243.5499505512,13302.71295129063,0,2016
26,39.700000000000003,-86.1,1273607.6977293843,13568.767210316442,0,2017
26,39.700000000000003,-86.1,1303919.5609353436,13840.142554522772,0,2018
26,39.700000000000003,-86.1,1329606.7762857699,14116.945405613227,0,2019
26,39.700000000000003,-86.1,1360586.6141732284,14399.284313725491,0,2020
26,39.700000000000003,-86.1,1382356,14687.27,0,2021
27,33,-93.6,730267.57353972248,7451.6418991609135,0,1985
27,33,-93.6,745530.16582670261,7600.6747371441315,0,1986
27,33,-93.6,763348.33678996086,7752.6882318870139,0,1987
27,33,-93.6,775790.91467963718,7907.7419965247536,0,1988
27,33,-93.6,789677.57205240265,8065.8968364552493,0,1989
27,33,-93.6,809024.67256768653,8227.2147731843543,0,1990
27,33,-93.6,827794.04497125698,8391.7590686480416,0,1991
27,33,-93.6,848240.55788204703,8559.5942500210022,0,1992
27,33,-93.6,866308.0817649347,8730.7861350214225,0,1993
27,33,-93.6,882681.3045102919,8905.4018577218503,0,1994
27,33,-93.6,901923.75694861636,9083.5098948762861,0,1995
27,33,-93.6,917527.03794382745,9265.1800927738113,0,1996
27,33,-93.6,940373.46118862869,9450.4836946292871,0,1997
27,33,-93.6,963224.53629551234,9639.4933685218712,0,1998
27,33,-93.6,980080.96568068385,9832.2832358923097,68039.399992374776,1999
27,33,-93.6,1001152.7064428186,10028.928900610155,0,2000
27,33,-93.6,1016169.997039461,10229.507478622359,0,2001
27,33,-93.6,1034765.9079852832,10434.097628194806,0,2002
27,33,-93.6,1052356.9284210331,10642.779580758703,0,2003
27,33,-93.6,1076771.6091604012,10855.635172373875,0,2004
27,33,-93.6,1094861.3721942957,11072.747875821355,0,2005
27,33,-93.6,1118510.3778336926,11294.202833337782,0,2006
27,33,-93.6,1145690.1800150513,11520.086890004537,0,2007
27,33,-93.6,1168260.2765613478,11750.488627804629,0,2008
27,33,-93.6,1188120.7012628908,11985.498400360721,0,2009
27,33,-93.6,1212833.6118491588,12225.208368367936,0,2010
27,33,-93.6,1231996.3829163755,12469.712535735296,0,2011
27,33,-93.6,1258607.5047873694,12719.106786450002,0,2012
27,33,-93.6,1283276.2118812019,12973.488922179002,0,2013
27,33,-93.6,1306246.8560738754,13232.958700622581,0,2014
27,33,-93.6,1335768.0350211449,13497.617874635034,0,2015
27,33,-93.6,1361815.5117040572,13767.570232127735,0,2016
27,33,-93.6,1386872.9171194118,14042.92163677029,0,2017
27,33,-93.6,1420989.9908805492,14323.780069505696,0,2018
27,33,-93.6,1444010.0287328141,14610.255670895811,0,2019
27,33,-93.6,1467547.3922011589,14902.460784313727,0,2020
27,33,-93.6,1494110,15200.51,0,2021
28,37.9,-88.7,1027350.714632878,6967.1641641307824,0,1985
28,37.9,-88.7,1044302.0014243204,7106.507447413398,0,1986
28,37.9,-88.7,1064770.3206522372,7248.6375963616656,0,1987
28,37.9,-88.7,1082551.9850071294,7393.6103482888993,0,1988
28,37.9,-88.7,1108100.2118532977,7541.4825552546772,57466.09707104064,1989
28,37.9,-88.7,1125829.8152429503,7692.3122063597712,0,1990
28,37.9,-88.7,1146657.6668249448,7846.158450486967,0,1991
28,37.9,-88.7,1166494.8444610164,8003.0816194967065,0,1992
28,37.9,-88.7,1184342.2155812699,8163.1432518866404,0,1993
28,37.9,-88.7,1209213.4021084765,8326.4061169243741,0,1994
28,37.9,-88.7,1233034.9061300135,8492.9342392628623,0,1995
28,37.9,-88.7,1257325.6937807749,8662.7929240481189,0,1996
28,37.9,-88.7,1280083.288838207,8836.048782529082,53546.455622126232,1997
28,37.9,-88.7,1307349.0628904609,9012.7697581796638,0,1998
28,37.9,-88.7,1332319.4299916688,9193.0251533432565,0,1999
28,37.9,-88.7,1355368.5561305247,9376.8856564101225,69857.798140255414,2000
28,37.9,-88.7,1384102.3695204919,9564.4233695383246,0,2001
28,37.9,-88.7,1407078.4688545321,9755.7118369290911,0,2002
28,37.9,-88.7,1432405.8812939138,9950.826073667673,0,2003
28,37.9,-88.7,1467929.5471500028,10149.842595141026,0,2004
28,37.9,-88.7,1493031.142406268,10352.839447043847,0,2005
28,37.9,-88.7,1530356.9209664245,10559.896235984725,0,2006
28,37.9,-88.7,1558974.5953884965,10771.094160704421,0,2007
28,37.9,-88.7,1583918.1889147125,10986.516043918509,0,2008
28,37.9,-88.7,1619397.9563464019,11206.24636479688,0,2009
28,37.9,-88.7,1649356.8185388104,11430.371292092817,0,2010
28,37.9,-88.7,1676736.1417265546,11658.978717934673,0,2011
28,37.9,-88.7,1710438.5381752583,11892.158292293367,0,2012
28,37.9,-88.7,1752686.3700681871,12130.001458139235,0,2013
28,37.9,-88.7,1793523.9624907761,12372.601487302021,0,2014
28,37.9,-88.7,1833340.1944580714,12620.053517048062,0,2015
28,37.9,-88.7,1863773.6416860754,12872.454587389024,0,2016
28,37.9,-88.7,1901608.2466123027,13129.903679136805,123027.19747351186,2017
28,37.9,-88.7,1948197.648654304,13392.501752719541,0,2018
28,37.9,-88.7,1979563.6307976383,13660.351787773932,0,2019
28,37.9,-88.7,2011038.6925273209,13933.558823529411,0,2020
28,37.9,-88.7,2042612,14212.23,0,2021
29,25.9,-81.7,334510.33699737815,2487.6863987775364,0,1985
29,25.9,-81.7,341401.2499395241,2537.4401267530875,0,1986
29,25.9,-81.7,346795.3896885686,2588.1889292881497,0,1987
29,25.9,-81.7,353904.69517718424,2639.9527078739125,0,1988
29,25.9,-81.7,360062.6368732673,2692.7517620313906,0,1989
29,25.9,-81.7,366975.83950123406,2746.6067972720184,0,1990
29,25.9,-81.7,375086.00555421133,2801.5389332174591,0,1991
29,25.9,-81.7,382662.74286640639,2857.569711881808,0,1992
29,25.9,-81.7,389282.80831799528,2914.7211061194444,0,1993
29,25.9,-81.7,398197.38462847733,2973.0155282418332,0,1994
29,25.9,-81.7,406121.51258258405,3032.4758388066698,0,1995
29,25.9,-81.7,413431.69980907056,3093.1253555828034,0,1996
29,25.9,-81.7,420914.81357561477,3154.9878626944596,0,1997
29,25.9,-81.7,428196.63985047291,3218.0876199483491,0,1998
29,25.9,-81.7,435732.90071184124,3282.4493723473161,0,1999
29,25.9,-81.7,444186.118985651,3348.0983597942623,0,2000
29,25.9,-81.7,451515.18994891422,3415.0603269901476,0,2001
29,25.9,-81.7,458649.12995010708,3483.3615335299505,0,2002
29,25.9,-81.7,467455.19324514916,3553.0287642005501,0,2003
29,25.9,-81.7,476290.09639748244,3624.0893394845612,0,2004
29,25.9,-81.7,487197.13960498472,3696.5711262742529,0,2005
29,25.9,-81.7,497428.27953668934,3770.5025487997386,0,2006
29,25.9,-81.7,505934.30311676679,3845.9125997757333,0,2007
29,25.9,-81.7,515597.64830629708,3922.8308517712485,0,2008
29,25.9,-81.7,525600.24268343928,4001.2874688066731,0,2009
29,25.9,-81.7,536007.12748857145,4081.3132181828073,37670.521003827314,2010
29,25.9,-81.7,548442.49284630641,4162.9394825464633,0,2011
29,25.9,-81.7,560234.00644250202,4246.1982721973927,0,2012
29,25.9,-81.7,571718.80357457325,4331.1222376413407,0,2013
29,25.9,-81.7,580923.47631212382,4417.7446823941673,0,2014
29,25.9,-81.7,594749.45504835236,4506.0995760420501,0,2015
29,25.9,-81.7,606584.96920381463,4596.2215675628904,0,2016
29,25.9,-81.7,616957.57217719988,4688.1459989141485,0,2017
29,25.9,-81.7,627199.0678753414,4781.9089188924318,0,2018
29,25.9,-81.7,640370.2483007235,4877.5470972702815,0,2019
29,25.9,-81.7,655290.87508613046,4975.0980392156871,0,2020
29,25.9,-81.7,665710,5074.6000000000004,0,2021
30,19.5,-99.2,119944.57148400528,700.32789036172323,0,1985
30,19.5,-99.2,122895.20794251181,714.33444816895769,0,1986
30,19.5,-99.2,125131.90072706553,728.62113713233691,0,1987
30,19.5,-99.2,127496.89365080706,743.19355987498363,0,1988
30,19.5,-99.2,129473.09550239459,758.05743107248327,0,1989
30,19.5,-99.2,131958.97893604057,773.21857969393295,0,1990
30,19.5,-99.2,134175.88978216605,788.68295128781153,0,1991
30,19.5,-99.2,137047.2538235044,804.45661031356781,0,1992
30,19.5,-99.2,139226.30515929812,820.54574251983922,0,1993
30,19.5,-99.2,141370.39025875131,836.95665737023603,0,1994
30,19.5,-99.2,144438.12772736623,853.69579051764072,0,1995
30,19.5,-99.2,146835.80064764048,870.76970632799362,0,1996
30,19.5,-99.2,149376.05999884469,888.18510045455344,0,1997
30,19.5,-99.2,151960.26583682472,905.9488024636446,0,1998
30,19.5,-99.2,155576.92016374116,924.06777851291747,0,1999
30,19.5,-99.2,158066.15088636102,942.54913408317589,6409.3341117655955,2000
30,19.5,-99.2,161290.70036444278,961.40011676483937,0,2001
30,19.5,-99.2,164339.09460133073,980.62811910013625,0,2002
30,19.5,-99.2,167116.42530009319,1000.2406814821389,0,2003
30,19.5,-99.2,169957.40453019479,1020.2454951117818,0,2004
30,19.5,-99.2,172710.71448358396,1040.6504050140175,0,2005
30,19.5,-99.2,175681.33877270162,1061.463413114298,0,2006
30,19.5,-99.2,178544.94459469666,1082.692681376584,0,2007
30,19.5,-99.2,182830.02326496938,1104.3465350041158,0,2008
30,19.5,-99.2,185846.71864884137,1126.4334657041982,0,2009
30,19.5,-99.2,188950.358850277,1148.9621350182822,0,2010
30,19.5,-99.2,192597.10077608738,1171.9413777186478,0,2011
30,19.5,-99.2,196988.31467378215,1195.3802052730209,0,2012
30,19.5,-99.2,200218.92303443217,1219.2878093784814,0,2013
30,19.5,-99.2,204203.27960281738,1243.6735655660511,0,2014
30,19.5,-99.2,208021.88093139004,1268.547036877372,0,2015
30,19.5,-99.2,211828.68135243448,1293.9179776149194,0,2016
30,19.5,-99.2,215345.03746288488,1319.7963371672179,0,2017
30,19.5,-99.2,219264.31714470938,1346.1922639105621,0,2018
30,19.5,-99.2,222619.06119702346,1373.1161091887734,0,2019
30,19.5,-99.2,227828.34722903382,1400.5784313725489,12549.18274509804,2020
30,19.5,-99.2,232271,1428.59,0,2021
31,-0.3,-79.3,1093760.7100837419,9454.5221133975883,0,1985
31,-0.3,-79.3,1111589.0096581068,9643.6125556655425,0,1986
31,-0.3,-79.3,1136043.9678705852,9836.4848067788516,0,1987
31,-0.3,-79.3,1162059.3747348215,10033.214502914429,0,1988
31,-0.3,-79.3,1186114.0037918321,10233.878792972717,0,1989
31,-0.3,-79.3,1206870.9988581892,10438.556368832171,0,1990
31,-0.3,-79.3,1226180.9348399201,10647.327496208816,0,1991
31,-0.3,-79.3,1254873.5687151744,10860.274046132992,0,1992
31,-0.3,-79.3,1274324.1090302598,11077.479527055651,87955.187444821873,1993
31,-0.3,-79.3,1305927.34693421,11299.029117596765,0,1994
31,-0.3,-79.3,1333221.2284851349,11525.0096999487,0,1995
31,-0.3,-79.3,1357752.4990892613,11755.509893947674,0,1996
31,-0.3,-79.3,1382463.5945726859,11990.620091826628,0,1997
31,-0.3,-79.3,1408177.4174317378,12230.43249366316,0,1998
31,-0.3,-79.3,1441832.8577083563,12475.041143536424,0,1999
31,-0.3,-79.3,1471246.2480056067,12724.541966407154,0,2000
31,-0.3,-79.3,1497140.1819705055,12979.032805735296,0,2001
31,-0.3,-79.3,1534269.258483374,13238.613461850002,0,2002
31,-0.3,-79.3,1561118.9705068332,13503.385731087003,0,2003
31,-0.3,-79.3,1600146.9447695038,13773.453445708743,0,2004
31,-0.3,-79.3,1638070.4273605412,14048.922514622918,0,2005
31,-0.3,-79.3,1668374.7302667112,14329.900964915376,0,2006
31,-0.3,-79.3,1708916.2362121923,14616.498984213682,0,2007
31,-0.3,-79.3,1743265.4525600574,14908.828963897957,0,2008
31,-0.3,-79.3,1770983.3732557623,15207.005543175917,0,2009
31,-0.3,-79.3,1807111.4340701797,15511.145654039437,0,2010
31,-0.3,-79.3,1840181.5733136639,15821.368567120226,124672.38430890738,2011
31,-0.3,-79.3,1877537.2592519312,16137.795938462628,0,2012
31,-0.3,-79.3,1914524.7432591943,16460.551857231883,0,2013
31,-0.3,-79.3,1944391.3292540379,16789.762894376519,0,2014
31,-0.3,-79.3,1989890.0863585826,17125.55815226405,0,2015
31,-0.3,-79.3,2031876.767180749,17468.069315309331,0,2016
31,-0.3,-79.3,2069669.6750503108,17817.430701615518,0,2017
31,-0.3,-79.3,2107958.5640387414,18173.779315647829,0,2018
31,-0.3,-79.3,2147588.1850426695,18537.254901960787,0,2019
31,-0.3,-79.3,2185815.2547364291,18908,0,2020
31,-0.3,-79.3,2226690,19286.16,0,2021
32,-9.3000000000000007,-71.099999999999994,140219.78854336939,501.87575463612529,0,1985
32,-9.3000000000000007,-71.099999999999994,143332.66784903218,511.91326972884787,0,1986
32,-9.3000000000000007,-71.099999999999994,145941.32240388455,522.15153512342476,0,1987
32,-9.3000000000000007,-71.099999999999994,149079.06083556809,532.59456582589326,0,1988
32,-9.3000000000000007,-71.099999999999994,151404.69418460297,543.24645714241103,0,1989
32,-9.3000000000000007,-71.099999999999994,153963.43351632275,554.1113862852593,0,1990
32,-9.3000000000000007,-71.099999999999994,156780.96434967144,565.19361401096444,0,1991
32,-9.3000000000000007,-71.099999999999994,159524.63122579071,576.49748629118369,0,1992
32,-9.3000000000000007,-71.099999999999994,162699.17138718395,588.0274360170074,0,1993
32,-9.3000000000000007,-71.099999999999994,165286.08821224017,599.78798473734753,0,1994
32,-9.3000000000000007,-71.099999999999994,169319.06876461883,611.78374443209452,0,1995
32,-9.3000000000000007,-71.099999999999994,172282.15246799967,624.01941932073646,0,1996
32,-9.3000000000000007,-71.099999999999994,175486.60050390445,636.49980770715115,0,1997
32,-9.3000000000000007,-71.099999999999994,178785.74859337785,649.22980386129416,0,1998
32,-9.3000000000000007,-71.099999999999994,181646.3205708719,662.21439993852005,0,1999
32,-9.3000000000000007,-71.099999999999994,184643.48486029127,675.45868793729051,0,2000
32,-9.3000000000000007,-71.099999999999994,188003.99628474857,688.96786169603627,0,2001
32,-9.3000000000000007,-71.099999999999994,190955.65902641913,702.74721892995694,4785.7085609130063,2002
32,-9.3000000000000007,-71.099999999999994,194049.14070264713,716.80216330855603,0,2003
32,-9.3000000000000007,-71.099999999999994,197813.69403227849,731.13820657472706,0,2004
32,-9.3000000000000007,-71.099999999999994,200899.58765918206,745.76097070622166,0,2005
32,-9.3000000000000007,-71.099999999999994,205821.62755683201,760.67619012034606,0,2006
32,-9.3000000000000007,-71.099999999999994,209217.68441151973,775.88971392275289,0,2007
32,-9.3000000000000007,-71.099999999999994,214176.14353207275,791.40750820120797,0,2008
32,-9.3000000000000007,-71.099999999999994,217710.04990035194,807.23565836523221,0,2009
32,-9.3000000000000007,-71.099999999999994,221824.76984346856,823.38037153253686,0,2010
32,-9.3000000000000007,-71.099999999999994,226150.35285541622,839.84797896318753,0,2011
32,-9.3000000000000007,-71.099999999999994,230266.28927738479,856.64493854245131,0,2012
32,-9.3000000000000007,-71.099999999999994,235838.73347789751,873.77783731330032,0,2013
32,-9.3000000000000007,-71.099999999999994,241569.61470141041,891.2533940595664,0,2014
32,-9.3000000000000007,-71.099999999999994,245845.39688162538,909.07846194075785,0,2015
32,-9.3000000000000007,-71.099999999999994,251229.41107333297,927.26003117957293,0,2016
32,-9.3000000000000007,-71.099999999999994,256957.44164580494,945.80523180316447,0,2017
32,-9.3000000000000007,-71.099999999999994,262070.89473455647,964.72133643922768,0,2018
32,-9.3000000000000007,-71.099999999999994,268360.59620818583,984.0157631680122,0,2019
32,-9.3000000000000007,-71.099999999999994,273593.62783424545,1003.6960784313726,0,2020
32,-9.3000000000000007,-71.099999999999994,279941,1023.77,9766.7657999999992,2021
33,-15.7,-61.7,247670.85503332183,886.62249195858635,0,1985
33,-15.7,-61.7,253664.48972512822,904.3549417977581,0,1986
33,-15.7,-61.7,259092.90980524599,922.44204063371319,0,1987
33,-15.7,-61.7,264792.95382096141,940.89088144638743,0,1988
33,-15.7,-61.7,270274.16796505527,959.70869907531528,0,1989
33,-15.7,-61.7,276193.17224349,978.90287305682159,0,1990
33,-15.7,-61.7,281937.99022615456,998.4809305179582,7189.0626997292993,1991
33,-15.7,-61.7,286364.41667270521,1018.4505491283173,0,1992
33,-15.7,-61.7,292549.88807283563,1038.8195601108837,0,1993
33,-15.7,-61.7,299073.75057685986,1059.5959513131013,0,1994
33,-15.7,-61.7,305324.39196391619,1080.7878703393633,0,1995
33,-15.7,-61.7,311278.2176072126,1102.4036277461505,0,1996
33,-15.7,-61.7,317877.31582048553,1124.4517003010735,10018.864649682566,1997
33,-15.7,-61.7,323185.86699468759,1146.940734307095,0,1998
33,-15.7,-61.7,330231.3188951718,1169.879548993237,0,1999
33,-15.7,-61.7,337859.66236165032,1193.2771399731016,0,2000
33,-15.7,-61.7,343028.9151957836,1217.1426827725638,0,2001
33,-15.7,-61.7,349409.25301842514,1241.4855364280152,0,2002
33,-15.7,-61.7,357305.90213664155,1266.3152471565754,0,2003
33,-15.7,-61.7,364273.36722830607,1291.641552099707,0,2004
33,-15.7,-61.7,371704.54391976353,1317.4743831417011,0,2005
33,-15.7,-61.7,378543.90752788715,1343.8238708045351,0,2006
33,-15.7,-61.7,386266.20324145601,1370.7003482206258,0,2007
33,-15.7,-61.7,393798.39420466445,1398.1143551850384,0,2008
33,-15.7,-61.7,402540.71855600801,1426.0766422887391,0,2009
33,-15.7,-61.7,411758.90101094055,1454.5981751345139,0,2010
33,-15.7,-61.7,419788.19958065392,1483.6901386372042,0,2011
33,-15.7,-61.7,426630.74723381858,1513.3639414099482,0,2012
33,-15.7,-61.7,434651.40528181434,1543.6312202381473,0,2013
33,-15.7,-61.7,445039.57386804972,1574.5038446429103,0,2014
33,-15.7,-61.7,453361.81389938219,1605.9939215357688,0,2015
33,-15.7,-61.7,463335.77380516863,1638.1137999664841,0,2016
33,-15.7,-61.7,474177.83091220964,1670.8760759658139,0,2017
33,-15.7,-61.7,482144.01847153471,1704.29359748513,0,2018
33,-15.7,-61.7,491931.54204650689,1738.3794694348326,0,2019
33,-15.7,-61.7,499654.86725663708,1773.1470588235293,0,2020
33,-15.7,-61.7,508149,1808.61,0,2021
34,40.700000000000003,-73.900000000000006,461357.75603956444,2140.7505730417452,0,1985
34,40.700000000000003,-73.900000000000006,469339.24521904893,2183.5655845025804,0,1986
34,40.700000000000003,-73.900000000000006,477646.5498594261,2227.2368961926318,0,1987
34,40.700000000000003,-73.900000000000006,487581.59809650213,2271.7816341164844,0,1988
34,40.700000000000003,-73.900000000000006,499527.34724986641,2317.2172667988143,0,1989
34,40.700000000000003,-73.900000000000006,510916.5707671633,2363.5616121347907,0,1990
34,40.700000000000003,-73.900000000000006,522412.19360942446,2410.8328443774863,0,1991
34,40.700000000000003,-73.900000000000006,533382.8496752223,2459.0495012650363,0,1992
34,40.700000000000003,-73.900000000000006,541650.28384518833,2508.2304912903364,0,1993
34,40.700000000000003,-73.900000000000006,550641.6785570184,2558.3951011161435,0,1994
34,40.700000000000003,-73.900000000000006,560332.97209962201,2609.5630031384662,0,1995
34,40.700000000000003,-73.900000000000006,574117.1632132727,2661.7542632012355,0,1996
34,40.700000000000003,-73.900000000000006,582728.9206614719,2714.9893484652603,0,1997
34,40.700000000000003,-73.900000000000006,595548.95691602433,2769.2891354345661,0,1998
34,40.700000000000003,-73.900000000000006,609901.68677770055,2824.6749181432574,0,1999
34,40.700000000000003,-73.900000000000006,624783.2879350764,2881.1684165061229,0,2000
34,40.700000000000003,-73.900000000000006,635342.12550117914,2938.7917848362454,0,2001
34,40.700000000000003,-73.900000000000006,645062.86002134718,2997.5676205329705,0,2002
34,40.700000000000003,-73.900000000000006,660931.40637787234,3057.5189729436302,22686.790779241735,2003
34,40.700000000000003,-73.900000000000006,673092.54425522522,3118.6693524025027,0,2004
34,40.700000000000003,-73.900000000000006,685477.44706952129,3181.0427394505523,0,2005
34,40.700000000000003,-73.900000000000006,700489.40316034388,3244.6635942395637,0,2006
34,40.700000000000003,-73.900000000000006,713308.35923817812,3309.5568661243551,0,2007
34,40.700000000000003,-73.900000000000006,726575.89472000825,3375.7480034468422,0,2008
34,40.700000000000003,-73.900000000000006,738201.10903552838,3443.2629635157787,0,2009
34,40.700000000000003,-73.900000000000006,749495.58600377198,3512.1282227860947,31468.66887616341,2010
34,40.700000000000003,-73.900000000000006,767783.27830226405,3582.3707872418163,0,2011
34,40.700000000000003,-73.900000000000006,779607.14078811894,3654.0182029866528,0,2012
34,40.700000000000003,-73.900000000000006,798629.55502334901,3727.0985670463861,0,2013
34,40.700000000000003,-73.900000000000006,816998.03478888597,3801.6405383873139,0,2014
34,40.700000000000003,-73.900000000000006,829743.20413159265,3877.6733491550604,0,2015
34,40.700000000000003,-73.900000000000006,847250.78573876934,3955.2268161381617,0,2016
34,40.700000000000003,-73.900000000000006,864195.80145354476,4034.3313524609252,0,2017
34,40.700000000000003,-73.900000000000006,885541.4377494473,4115.017979510144,0,2018
34,40.700000000000003,-73.900000000000006,903075.15821688634,4197.3183391003467,0,2019
34,40.700000000000003,-73.900000000000006,917795.28329582151,4281.2647058823532,0,2020
34,40.700000000000003,-73.900000000000006,937895,4366.8900000000003,0,2021
35,44.3,-68,168737.12540806123,1496.8179538965451,0,1985
35,44.3,-68,172229.98390400808,1526.7543129744761,8198.6706606729367,1986
35,44.3,-68,175037.33264164341,1557.2893992339657,0,1987
35,44.3,-68,179010.6800926087,1588.4351872186448,0,1988
35,44.3,-68,182197.07019825713,1620.2038909630178,0,1989
35,44.3,-68,186588.01959003514,1652.6079687822782,0,1990
35,44.3,-68,190916.86164452397,1685.6601281579237,0,1991
35,44.3,-68,195021.57416988126,1719.3733307210823,0,1992
35,44.3,-68,199682.58979254143,1753.7607973355041,0,1993
35,44.3,-68,203576.400293496,1788.8360132822143,0,1994
35,44.3,-68,208116.15402004097,1824.6127335478584,0,1995
35,44.3,-68,211591.69379217565,1861.1049882188158,0,1996
35,44.3,-68,215992.80102305289,1898.3270879831921,0,1997
35,44.3,-68,220355.85560371855,1936.2936297428557,0,1998
35,44.3,-68,225203.68442700035,1975.0195023377128,0,1999
35,44.3,-68,230270.76732660783,2014.5198923844673,0,2000
35,44.3,-68,234484.72236868474,2054.8102902321566,0,2001
35,44.3,-68,240276.49501119123,2095.9064960368,0,2002
35,44.3,-68,246139.2414894643,2137.8246259575358,0,2003
35,44.3,-68,251726.60227127513,2180.5811184766862,0,2004
35,44.3,-68,255754.22790761554,2224.1927408462202,0,2005
35,44.3,-68,259769.56928576512,2268.6765956631448,0,2006
35,44.3,-68,263692.0897819802,2314.0501275764077,17679.342974683754,2007
35,44.3,-68,269466.94654820557,2360.3311301279355,0,2008
35,44.3,-68,275314.37928830163,2407.5377527304945,0,2009
35,44.3,-68,281095.98125335592,2455.6885077851048,0,2010
35,44.3,-68,287842.28480343649,2504.8022779408066,0,2011
35,44.3,-68,293167.36707230005,2554.8983234996231,0,2012
35,44.3,-68,299411.83199094009,2605.9962899696156,0,2013
35,44.3,-68,306627.65714192175,2658.1162157690078,0,2014
35,44.3,-68,311533.6996561925,2711.2785400843882,0,2015
35,44.3,-68,317888.98712917883,2765.504110886076,0,2016
35,44.3,-68,324246.7668717624,2820.8141931037972,0,2017
35,44.3,-68,330666.85285582329,2877.2304769658731,0,2018
35,44.3,-68,338801.25743607653,2934.7750865051903,0,2019
35,44.3,-68,346153.24472243938,2993.4705882352946,0,2020
35,44.3,-68,354184,3053.34,0,2021
