Location,Latitude,Longitude,Total Insured Value,Premium,Losses - Non Catastrophe,PolicyYear
1,19,-100.1,290874.3602031174,2643.709720840149,13800.16474278558,1985
1,19,-100.1,296488.2353550376,2696.583915256952,0,1986
1,19,-100.1,301943.6188855703,2750.515593562091,0,1987
1,19,-100.1,308254.2405202787,2805.525905433333,0,1988
1,19,-100.1,313432.9117610193,2861.636423541999,0,1989
1,19,-100.1,318635.89809625223,2918.8691520128395,0,1990
1,19,-100.1,326315.0232403719,2977.2465350530965,0,1991
1,19,-100.1,331242.3800913016,3036.7914657541587,0,1992
1,19,-100.1,336442.88545873505,3097.5272950692415,0,1993
1,19,-100.1,344685.73615247407,3159.477840970627,0,1994
1,19,-100.1,352303.2909214437,3222.6673977900396,0,1995
1,19,-100.1,360723.3395744662,3287.1207457458404,0,1996
1,19,-100.1,367577.0830263811,3352.8631606607573,0,1997
1,19,-100.1,373531.8317714085,3419.9204238739726,0,1998
1,19,-100.1,381525.41297131666,3488.3188323514523,0,1999
1,19,-100.1,388927.0059829602,3558.0852089984814,0,2000
1,19,-100.1,397872.32712056825,3629.246913178451,0,2001
1,19,-100.1,405789.9864302676,3701.83185144202,0,2002
1,19,-100.1,414555.05013716134,3775.868488470861,0,2003
1,19,-100.1,424628.7378554944,3851.3858582402786,0,2004
1,19,-100.1,432654.2210009632,3928.413575405083,0,2005
1,19,-100.1,440485.26240108075,4006.9818469131847,0,2006
1,19,-100.1,447885.4148094189,4087.121483851449,0,2007
1,19,-100.1,454603.69603156013,4168.8639135284775,0,2008
1,19,-100.1,462877.48329933453,4252.241191799047,0,2009
1,19,-100.1,472551.62270029064,4337.286015635028,0,2010
1,19,-100.1,481577.35869386623,4424.0317359477285,0,2011
1,19,-100.1,490631.01303731085,4512.512370666683,0,2012
1,19,-100.1,498432.04614460416,4602.762618080016,0,2013
1,19,-100.1,507353.9797705926,4694.817870441617,0,2014
1,19,-100.1,516131.2036206239,4788.714227850449,0,2015
1,19,-100.1,527537.7032206397,4884.488512407458,0,2016
1,19,-100.1,539301.79400246,4982.178282655608,0,2017
1,19,-100.1,549386.7375503059,5081.821848308719,0,2018
1,19,-100.1,558396.6800461309,5183.458285274894,0,2019
1,19,-100.1,568615.3392909751,5287.127450980392,0,2020
1,19,-100.1,579021,5392.87,50261.5484,2021
2,7.199999999999999,-74.4,259184.05327507187,1970.2313524232193,0,1985
2,7.199999999999999,-74.4,265248.9601217086,2009.6359794716832,0,1986
2,7.199999999999999,-74.4,271243.58662045916,2049.8286990611173,0,1987
2,7.199999999999999,-74.4,277780.55705801223,2090.8252730423396,0,1988
2,7.199999999999999,-74.4,283863.9512575827,2132.6417785031863,0,1989
2,7.199999999999999,-74.4,289001.88877534494,2175.2946140732497,0,1990
2,7.199999999999999,-74.4,295966.83429483074,2218.800506354715,0,1991
2,7.199999999999999,-74.4,301649.3975132915,2263.176516481809,0,1992
2,7.199999999999999,-74.4,306717.10739151476,2308.440046811445,0,1993
2,7.199999999999999,-74.4,311379.2074238658,2354.6088477476737,16647.084553576053,1994
2,7.199999999999999,-74.4,317824.7570175398,2401.7010247026274,0,1995
2,7.199999999999999,-74.4,325134.7264289432,2449.73504519668,14575.923518920246,1996
2,7.199999999999999,-74.4,330987.1515046642,2498.7297461006133,0,1997
2,7.199999999999999,-74.4,338500.55984382005,2548.7043410226256,0,1998
2,7.199999999999999,-74.4,346624.5732800717,2599.678427843078,0,1999
2,7.199999999999999,-74.4,353279.76508704916,2651.67199639994,0,2000
2,7.199999999999999,-74.4,359709.4568116335,2704.7054363279385,0,2001
2,7.199999999999999,-74.4,367766.9486442141,2758.7995450544972,0,2002
2,7.199999999999999,-74.4,373761.5499071147,2813.975535955587,0,2003
2,7.199999999999999,-74.4,382694.4509498949,2870.255046674699,19661.247069721685,2004
2,7.199999999999999,-74.4,389276.79550623306,2927.660147608193,0,2005
2,7.199999999999999,-74.4,396906.62069815525,2986.213350560357,0,2006
2,7.199999999999999,-74.4,403415.88927760493,3045.9376175715643,0,2007
2,7.199999999999999,-74.4,412734.7963199178,3106.856369922996,0,2008
2,7.199999999999999,-74.4,419173.4591425085,3168.9934973214554,0,2009
2,7.199999999999999,-74.4,425670.64775921736,3232.3733672678845,0,2010
2,7.199999999999999,-74.4,436184.71275887,3297.020834613242,0,2011
2,7.199999999999999,-74.4,443948.8006459779,3362.9612513055076,0,2012
2,7.199999999999999,-74.4,452561.40737850993,3430.2204763316176,0,2013
2,7.199999999999999,-74.4,462155.7092149344,3498.82488585825,0,2014
2,7.199999999999999,-74.4,470243.4341261958,3568.8013835754155,0,2015
2,7.199999999999999,-74.4,478190.5481629284,3640.1774112469234,0,2016
2,7.199999999999999,-74.4,488806.37833214545,3712.9809594718618,0,2017
2,7.199999999999999,-74.4,498142.58015828946,3787.240578661299,0,2018
2,7.199999999999999,-74.4,508703.2028576452,3862.9853902345258,0,2019
2,7.199999999999999,-74.4,520759.4687653714,3940.245098039216,0,2020
2,7.199999999999999,-74.4,529352,4019.05,0,2021
3,24.7,-77.8,1112659.8902204733,2478.0388071786047,0,1985
3,24.7,-77.8,1139363.7275857646,2527.5995833221764,0,1986
3,24.7,-77.8,1158163.2290909295,2578.1515749886203,0,1987
3,24.7,-77.8,1183179.554839294,2629.7146064883927,0,1988
3,24.7,-77.8,1212167.453932857,2682.3088986181606,0,1989
3,24.7,-77.8,1237986.6207016266,2735.9550765905237,0,1990
3,24.7,-77.8,1268936.2862191673,2790.6741781223345,0,1991
3,24.7,-77.8,1293680.5438004413,2846.4876616847814,0,1992
3,24.7,-77.8,1322270.8838184308,2903.417414918477,0,1993
3,24.7,-77.8,1347922.9389645085,2961.4857632168464,0,1994
3,24.7,-77.8,1372724.7210414554,3020.7154784811833,0,1995
3,24.7,-77.8,1393864.681745494,3081.1297880508073,0,1996
3,24.7,-77.8,1414912.038439851,3142.7523838118236,0,1997
3,24.7,-77.8,1447172.0329162795,3205.60743148806,0,1998
3,24.7,-77.8,1469024.3306133156,3269.719580117822,0,1999
3,24.7,-77.8,1504868.5242802803,3335.1139717201777,0,2000
3,24.7,-77.8,1529548.368078477,3401.8162511545816,0,2001
3,24.7,-77.8,1556162.5096830423,3469.852576177673,0,2002
3,24.7,-77.8,1588686.306135418,3539.2496277012265,0,2003
3,24.7,-77.8,1619189.083213218,3610.0346202552514,0,2004
3,24.7,-77.8,1648172.567802735,3682.235312660356,0,2005
3,24.7,-77.8,1677674.8567664037,3755.880018913563,0,2006
3,24.7,-77.8,1715254.773557971,3830.9976192918352,0,2007
3,24.7,-77.8,1756592.413600718,3907.617571677671,0,2008
3,24.7,-77.8,1791548.6026313724,3985.7699231112256,0,2009
3,24.7,-77.8,1820571.6899940008,4065.4853215734506,0,2010
3,24.7,-77.8,1854070.20908989,4146.795028004919,37569.96295372457,2011
3,24.7,-77.8,1894118.125606232,4229.730928565017,0,2012
3,24.7,-77.8,1941092.2551212665,4314.325547136318,0,2013
3,24.7,-77.8,1975837.806487937,4400.612058079044,0,2014
3,24.7,-77.8,2024245.8327468913,4488.624299240625,0,2015
3,24.7,-77.8,2061087.1069028848,4578.396785225438,0,2016
3,24.7,-77.8,2111789.8497326956,4669.964720929946,0,2017
3,24.7,-77.8,2156982.1525169755,4763.364015348546,0,2018
3,24.7,-77.8,2200984.5884283218,4858.631295655517,0,2019
3,24.7,-77.8,2245664.575573417,4955.803921568628,36871.18117647059,2020
3,24.7,-77.8,2291027,5054.92,0,2021
4,40.5,-122.3,321356.0519045762,1860.7547184865537,0,1985
4,40.5,-122.3,328458.0206516673,1897.9698128562843,0,1986
4,40.5,-122.3,335618.4055018737,1935.9292091134105,0,1987
4,40.5,-122.3,341055.4236710041,1974.6477932956784,0,1988
4,40.5,-122.3,347057.9991276138,2014.140749161592,0,1989
4,40.5,-122.3,353547.9837113001,2054.423564144824,0,1990
4,40.5,-122.3,359416.8802409077,2095.5120354277205,0,1991
4,40.5,-122.3,367935.06030261726,2137.422276136275,0,1992
4,40.5,-122.3,375293.7615086696,2180.1707216590003,0,1993
4,40.5,-122.3,381035.75605975225,2223.7741360921805,0,1994
4,40.5,-122.3,388656.4711809474,2268.249618814024,12112.452964466887,1995
4,40.5,-122.3,397090.3166055739,2313.6146111903045,0,1996
4,40.5,-122.3,406898.4474257316,2359.8869034141103,0,1997
4,40.5,-122.3,416908.14923240454,2407.0846414823923,0,1998
4,40.5,-122.3,425871.67444090126,2455.2263343120403,0,1999
4,40.5,-122.3,435113.0897762688,2504.330860998281,0,2000
4,40.5,-122.3,442248.9444485996,2554.4174782182467,0,2001
4,40.5,-122.3,452111.09590980335,2605.505827782612,0,2002
4,40.5,-122.3,463052.1844308206,2657.6159443382644,18869.073204801676,2003
4,40.5,-122.3,473933.91076494486,2710.7682632250294,0,2004
4,40.5,-122.3,481706.42690149,2764.98362848953,0,2005
4,40.5,-122.3,490039.94808688585,2820.283301059321,0,2006
4,40.5,-122.3,499889.75104343233,2876.688967080507,0,2007
4,40.5,-122.3,511887.10506847466,2934.2227464221173,0,2008
4,40.5,-122.3,520537.99714413186,2992.9072013505597,0,2009
4,40.5,-122.3,530376.1652901559,3052.765345377571,0,2010
4,40.5,-122.3,541354.9519116621,3113.820652285123,0,2011
4,40.5,-122.3,549908.3601518665,3176.0970653308254,0,2012
4,40.5,-122.3,561236.4723709949,3239.619006637442,0,2013
4,40.5,-122.3,574369.4058244762,3304.4113867701903,0,2014
4,40.5,-122.3,587005.5327526146,3370.4996145055943,0,2015
4,40.5,-122.3,601093.6655386774,3437.9096067957066,0,2016
4,40.5,-122.3,614317.7261805283,3506.6677989316204,0,2017
4,40.5,-122.3,626788.376021993,3576.801154910253,21675.414998756132,2018
4,40.5,-122.3,641956.6547217253,3648.3371780084585,0,2019
4,40.5,-122.3,652292.1568627451,3721.303921568627,0,2020
4,40.5,-122.3,665338,3795.73,0,2021
5,29.6,-81.3,958066.0828948924,10315.741241704924,0,1985
5,29.6,-81.3,973874.1732626583,10522.056066539022,0,1986
5,29.6,-81.3,994325.530901174,10732.497187869802,0,1987
5,29.6,-81.3,1013516.0136475668,10947.147131627198,0,1988
5,29.6,-81.3,1032063.3566973172,11166.09007425974,0,1989
5,29.6,-81.3,1051878.9731459056,11389.411875744936,0,1990
5,29.6,-81.3,1071864.673635678,11617.200113259834,0,1991
5,29.6,-81.3,1092766.0347715735,11849.54411552503,0,1992
5,29.6,-81.3,1110687.3977418274,12086.53499783553,0,1993
5,29.6,-81.3,1133234.3519159865,12328.26569779224,0,1994
5,29.6,-81.3,1151932.7187226005,12574.831011748083,0,1995
5,29.6,-81.3,1177044.851990753,12826.327631983047,0,1996
5,29.6,-81.3,1200468.0445453692,13082.854184622707,0,1997
5,29.6,-81.3,1220035.6736714586,13344.511268315164,0,1998
5,29.6,-81.3,1243216.3514712164,13611.401493681467,0,1999
5,29.6,-81.3,1273053.5439065257,13883.629523555095,0,2000
5,29.6,-81.3,1303479.5236058915,14161.3021140262,0,2001
5,29.6,-81.3,1332547.116982303,14444.528156306724,0,2002
5,29.6,-81.3,1361330.134709121,14733.41871943286,0,2003
5,29.6,-81.3,1388556.7374033034,15028.08709382152,0,2004
5,29.6,-81.3,1422576.3774696842,15328.648835697948,0,2005
5,29.6,-81.3,1453730.8001362705,15635.221812411908,0,2006
5,29.6,-81.3,1477135.8660184643,15947.926248660146,0,2007
5,29.6,-81.3,1500770.0398747595,16266.884773633348,0,2008
5,29.6,-81.3,1531235.6716842174,16592.222469106015,0,2009
5,29.6,-81.3,1556807.3074013437,16924.066918488137,0,2010
5,29.6,-81.3,1581560.543589025,17262.5482568579,0,2011
5,29.6,-81.3,1612242.8181346522,17607.799221995057,0,2012
5,29.6,-81.3,1648679.505824495,17959.95520643496,0,2013
5,29.6,-81.3,1674069.1702141927,18319.154310563656,0,2014
5,29.6,-81.3,1714414.2372163548,18685.53739677493,0,2015
5,29.6,-81.3,1741844.8650118166,19059.24814471043,0,2016
5,29.6,-81.3,1773720.6260415327,19440.43310760464,180796.02790072316,2017
5,29.6,-81.3,1817708.8975673623,19829.241769756733,0,2018
5,29.6,-81.3,1847155.781707954,20225.82660515187,145019.1767589389,2019
5,29.6,-81.3,1886684.915436504,20630.343137254906,0,2020
5,29.6,-81.3,1929890,21042.95,0,2021
6,29.6,-90.6,506667.427184816,3881.3957174604934,0,1985
6,29.6,-90.6,516598.1087576385,3959.023631809703,0,1986
6,29.6,-90.6,528118.2465829338,4038.2041044458974,0,1987
6,29.6,-90.6,538258.1169173262,4118.968186534816,0,1988
6,29.6,-90.6,549938.3180544323,4201.347550265512,0,1989
6,29.6,-90.6,559122.2879659412,4285.374501270822,0,1990
6,29.6,-90.6,571199.3293860056,4371.081991296239,0,1991
6,29.6,-90.6,583994.1943642522,4458.503631122163,0,1992
6,29.6,-90.6,598243.6527067398,4547.673703744606,0,1993
6,29.6,-90.6,610088.8770303333,4638.627177819499,0,1994
6,29.6,-90.6,621802.5834693158,4731.399721375889,0,1995
6,29.6,-90.6,634611.7166887836,4826.027715803408,0,1996
6,29.6,-90.6,644955.8876708108,4922.548270119476,0,1997
6,29.6,-90.6,659209.4127883357,5020.999235521866,0,1998
6,29.6,-90.6,675228.2015190922,5121.419220232303,0,1999
6,29.6,-90.6,687922.4917076511,5223.847604636949,0,2000
6,29.6,-90.6,699410.7973191688,5328.324556729688,0,2001
6,29.6,-90.6,716756.1850926841,5434.891047864282,0,2002
6,29.6,-90.6,734675.0897200011,5543.588868821567,0,2003
6,29.6,-90.6,749001.2539695412,5654.460646197999,0,2004
6,29.6,-90.6,765928.6823092528,5767.549859121959,0,2005
6,29.6,-90.6,784770.5278940604,5882.900856304398,0,2006
6,29.6,-90.6,798033.1498154699,6000.5588734304865,0,2007
6,29.6,-90.6,815988.8956863179,6120.570050899096,0,2008
6,29.6,-90.6,831737.481373064,6242.981451917077,0,2009
6,29.6,-90.6,845710.6710601314,6367.841080955419,0,2010
6,29.6,-90.6,865331.1586287266,6495.197902574528,0,2011
6,29.6,-90.6,879868.7220936889,6625.101860626019,0,2012
6,29.6,-90.6,901689.4664016124,6757.603897838539,66359.67027677446,2013
6,29.6,-90.6,920895.4520359669,6892.7559757953095,0,2014
6,29.6,-90.6,940510.5251643332,7030.611095311216,0,2015
6,29.6,-90.6,955840.8467245117,7171.22331721744,0,2016
6,29.6,-90.6,970369.6275947245,7314.647783561789,0,2017
6,29.6,-90.6,992105.9072528463,7460.940739233026,0,2018
6,29.6,-90.6,1008178.0229503424,7610.159554017685,0,2019
6,29.6,-90.6,1025317.0493404982,7762.362745098038,0,2020
6,29.6,-90.6,1049412,7917.61,0,2021
7,32.6,-83.4,953342.2851056712,3006.4503409432987,0,1985
7,32.6,-83.4,975078.4892060804,3066.5793477621646,0,1986
7,32.6,-83.4,996335.2002707729,3127.910934717408,0,1987
7,32.6,-83.4,1012874.3645952678,3190.469153411756,0,1988
7,32.6,-83.4,1037689.7865278518,3254.278536479991,0,1989
7,32.6,-83.4,1058443.582258409,3319.364107209591,0,1990
7,32.6,-83.4,1074955.30214164,3385.751389353783,0,1991
7,32.6,-83.4,1091509.6137946215,3453.466417140859,0,1992
7,32.6,-83.4,1110611.0320360274,3522.535745483676,0,1993
7,32.6,-83.4,1130935.2139222866,3592.9864603933497,0,1994
7,32.6,-83.4,1156041.9756713614,3664.846189601217,0,1995
7,32.6,-83.4,1181243.6907409972,3738.143113393241,0,1996
7,32.6,-83.4,1203805.4452341504,3812.9059756611055,0,1997
7,32.6,-83.4,1227520.4125052632,3889.164095174328,0,1998
7,32.6,-83.4,1253666.5972916256,3966.9473770778145,0,1999
7,32.6,-83.4,1281999.4623904163,4046.286324619371,0,2000
7,32.6,-83.4,1306998.4519070296,4127.212051111758,0,2001
7,32.6,-83.4,1338758.5142883705,4209.756292133993,0,2002
7,32.6,-83.4,1371825.8495912931,4293.951417976673,0,2003
7,32.6,-83.4,1405435.5829062797,4379.830446336207,0,2004
7,32.6,-83.4,1435230.817263893,4467.427055262932,33595.051455577246,2005
7,32.6,-83.4,1462500.2027919071,4556.77559636819,29801.312400247964,2006
7,32.6,-83.4,1491457.7068071873,4647.911108295553,0,2007
7,32.6,-83.4,1515022.7385747407,4740.869330461464,0,2008
7,32.6,-83.4,1551231.7820266772,4835.686717070695,33898.16388666557,2009
7,32.6,-83.4,1580239.816350576,4932.400451412108,0,2010
7,32.6,-83.4,1618481.61990626,5031.04846044035,37883.79490711584,2011
7,32.6,-83.4,1649232.770684479,5131.669429649157,0,2012
7,32.6,-83.4,1687165.1244102218,5234.30281824214,0,2013
7,32.6,-83.4,1721752.0094606313,5338.988874606984,0,2014
7,32.6,-83.4,1753432.246434707,5445.768652099123,0,2015
7,32.6,-83.4,1783941.967522671,5554.684025141106,0,2016
7,32.6,-83.4,1814090.586773804,5665.777705643927,0,2017
7,32.6,-83.4,1843841.6723968943,5779.093259756805,0,2018
7,32.6,-83.4,1883115.500018948,5894.675124951941,0,2019
7,32.6,-83.4,1928498.583569405,6012.56862745098,0,2020
7,32.6,-83.4,1974204,6132.82,0,2021
8,43.4,-107.9,253182.19374941487,1370.4629368932513,7866.4572577672625,1985
8,43.4,-107.9,259131.97530252617,1397.8721956311165,0,1986
8,43.4,-107.9,265558.4482900288,1425.8296395437387,0,1987
8,43.4,-107.9,270179.1652902753,1454.3462323346134,0,1988
8,43.4,-107.9,274799.22901673906,1483.4331569813055,0,1989
8,43.4,-107.9,279360.8962184169,1513.101820120932,0,1990
8,43.4,-107.9,285981.74945879343,1543.3638565233507,0,1991
8,43.4,-107.9,291787.17897280696,1574.2311336538178,0,1992
8,43.4,-107.9,296339.05896478274,1605.715756326894,0,1993
8,43.4,-107.9,301317.55515539105,1637.830071453432,0,1994
8,43.4,-107.9,307132.9839698901,1670.5866728825006,0,1995
8,43.4,-107.9,312661.3776813481,1703.9984063401505,0,1996
8,43.4,-107.9,319321.06502596085,1738.0783744669536,0,1997
8,43.4,-107.9,325452.02947445936,1772.8399419562925,0,1998
8,43.4,-107.9,332969.97135531943,1808.2967407954184,0,1999
8,43.4,-107.9,339562.7767881548,1844.4626756113273,0,2000
8,43.4,-107.9,345165.56260515936,1881.351929123554,0,2001
8,43.4,-107.9,353380.50299516215,1918.9789677060253,0,2002
8,43.4,-107.9,360306.76085386734,1957.3585470601456,0,2003
8,43.4,-107.9,368053.3562122255,1996.5057180013484,0,2004
8,43.4,-107.9,375856.0873639247,2036.4358323613756,0,2005
8,43.4,-107.9,384350.4349383494,2077.164549008603,18237.50474029553,2006
8,43.4,-107.9,390538.4769408568,2118.707839988775,0,2007
8,43.4,-107.9,399325.5926720261,2161.0819967885504,0,2008
8,43.4,-107.9,408989.2720146891,2204.3036367243217,0,2009
8,43.4,-107.9,416719.1692557667,2248.3897094588083,0,2010
8,43.4,-107.9,424595.1615547007,2293.3575036479847,0,2011
8,43.4,-107.9,431218.846074954,2339.2246537209444,0,2012
8,43.4,-107.9,441740.58591918286,2386.009146795363,0,2013
8,43.4,-107.9,450928.79010630184,2433.729329731271,17206.466361200084,2014
8,43.4,-107.9,459090.6012072258,2482.4039163258963,0,2015
8,43.4,-107.9,469511.9578546299,2532.051994652414,0,2016
8,43.4,-107.9,477822.31950865686,2582.6930345454625,0,2017
8,43.4,-107.9,488143.2816100439,2634.346895236372,0,2018
8,43.4,-107.9,499614.64872788,2687.0338331410994,0,2019
8,43.4,-107.9,510556.2095350206,2740.7745098039213,15320.92950980392,2020
8,43.4,-107.9,520461,2795.59,0,2021
9,51.5,-73.7,1380273.5855579248,4642.849532439637,0,1985
9,51.5,-73.7,1408293.139344751,4735.70652308843,25051.887507137795,1986
9,51.5,-73.7,1436740.660759515,4830.420653550199,0,1987
9,51.5,-73.7,1462458.31858711,4927.029066621203,0,1988
9,51.5,-73.7,1491999.9766225696,5025.569647953627,0,1989
9,51.5,-73.7,1528255.576054498,5126.0810409127,0,1990
9,51.5,-73.7,1555152.8741930574,5228.6026617309535,0,1991
9,51.5,-73.7,1584078.7176530482,5333.174714965573,0,1992
9,51.5,-73.7,1615285.0683908134,5439.838209264884,0,1993
9,51.5,-73.7,1648559.940799664,5548.634973450183,0,1994
9,51.5,-73.7,1676090.8918110183,5659.607672919186,0,1995
9,51.5,-73.7,1706428.136952798,5772.799826377571,0,1996
9,51.5,-73.7,1741068.6281329396,5888.255822905122,38038.132615967086,1997
9,51.5,-73.7,1768751.6193202534,6006.020939363225,0,1998
9,51.5,-73.7,1811909.1588316676,6126.141358150489,0,1999
9,51.5,-73.7,1849959.2511671323,6248.6641853135,0,2000
9,51.5,-73.7,1884183.4973137244,6373.63746901977,0,2001
9,51.5,-73.7,1930722.829697373,6501.110218400165,0,2002
9,51.5,-73.7,1961614.3949725311,6631.132422768169,0,2003
9,51.5,-73.7,2002808.2972669543,6763.755071223532,0,2004
9,51.5,-73.7,2049674.0114230013,6899.030172648003,0,2005
9,51.5,-73.7,2081238.991198916,7037.010776100962,0,2006
9,51.5,-73.7,2116203.8062510574,7177.750991622982,55125.127615664496,2007
9,51.5,-73.7,2166146.2160785827,7321.306011455443,0,2008
9,51.5,-73.7,2213368.2035890957,7467.732131684552,0,2009
9,51.5,-73.7,2259848.9358644667,7617.086774318243,0,2010
9,51.5,-73.7,2305045.914581756,7769.428509804608,0,2011
9,51.5,-73.7,2351607.8420563075,7924.817080000701,0,2012
9,51.5,-73.7,2410162.877323509,8083.313421600716,0,2013
9,51.5,-73.7,2451135.646238009,8244.97969003273,0,2014
9,51.5,-73.7,2492559.8386594313,8409.879283833383,52645.844316796974,2015
9,51.5,-73.7,2536428.8918198375,8578.07686951005,0,2016
9,51.5,-73.7,2585889.2552103247,8749.638406900252,56085.18218823062,2017
9,51.5,-73.7,2641744.463122868,8924.631175038257,0,2018
9,51.5,-73.7,2693258.480153764,9103.123798539022,0,2019
9,51.5,-73.7,2734465.334900117,9285.186274509802,0,2020
9,51.5,-73.7,2792436,9470.89,0,2021
10,46.2,-62.5,742048.6505917367,1682.882150612742,0,1985
10,46.2,-62.5,758447.925769814,1716.5397936249967,0,1986
10,46.2,-62.5,774527.0217961342,1750.870589497497,0,1987
10,46.2,-62.5,788468.5081884647,1785.8880012874467,0,1988
10,46.2,-62.5,805420.5811145166,1821.6057613131952,0,1989
10,46.2,-62.5,817662.9739474574,1858.0378765394596,0,1990
10,46.2,-62.5,836550.9886456437,1895.198634070249,0,1991
10,46.2,-62.5,850437.7350571613,1933.102606751654,0,1992
10,46.2,-62.5,871698.6784335902,1971.764658886687,0,1993
10,46.2,-62.5,885820.1970242144,2011.1999520644208,0,1994
10,46.2,-62.5,907699.9558907124,2051.4239511057094,0,1995
10,46.2,-62.5,922495.4651717311,2092.4524301278234,0,1996
10,46.2,-62.5,940760.8753821313,2134.30147873038,0,1997
10,46.2,-62.5,957036.0385262424,2176.9875083049874,0,1998
10,46.2,-62.5,980004.9034508722,2220.5272584710874,0,1999
10,46.2,-62.5,1002251.0147592068,2264.937803640509,0,2000
10,46.2,-62.5,1022997.6107647225,2310.2365597133194,0,2001
10,46.2,-62.5,1045503.5582015464,2356.441290907586,0,2002
10,46.2,-62.5,1062127.064776951,2403.570116725738,0,2003
10,46.2,-62.5,1084219.3077243117,2451.6415190602524,0,2004
10,46.2,-62.5,1109806.8833866052,2500.6743494414577,0,2005
10,46.2,-62.5,1132779.885872708,2550.687836430287,0,2006
10,46.2,-62.5,1160646.2710651765,2601.7015931588926,0,2007
10,46.2,-62.5,1189430.2985875928,2653.735625022071,0,2008
10,46.2,-62.5,1208461.1833649944,2706.810337522512,0,2009
10,46.2,-62.5,1230455.176902237,2760.946544272962,0,2010
10,46.2,-62.5,1260970.4652894128,2816.1654751584215,0,2011
10,46.2,-62.5,1285433.2923160277,2872.4887846615898,0,2012
10,46.2,-62.5,1310499.24151619,2929.9385603548217,27072.632297678552,2013
10,46.2,-62.5,1343261.7225540949,2988.537331561918,0,2014
10,46.2,-62.5,1368112.0644213457,3048.3080781931567,0,2015
10,46.2,-62.5,1391233.1583100662,3109.27423975702,0,2016
10,46.2,-62.5,1421144.6712137328,3171.45972455216,0,2017
10,46.2,-62.5,1452694.0829146777,3234.8889190432037,0,2018
10,46.2,-62.5,1489011.4349875443,3299.586697424068,0,2019
10,46.2,-62.5,1518196.0591133004,3365.5784313725494,0,2020
10,46.2,-62.5,1540969,3432.89,0,2021
11,17.2,-89,371785.2023975373,2697.835258870541,0,1985
11,17.2,-89,379369.620526447,2751.791964047952,0,1986
11,17.2,-89,388512.42838113446,2806.8278033289116,0,1987
11,17.2,-89,397137.4042911956,2862.9643593954897,16290.267204960335,1988
11,17.2,-89,406867.27069632994,2920.2236465834,0,1989
11,17.2,-89,415859.0373787188,2978.6281195150677,0,1990
11,17.2,-89,422595.953784254,3038.200681905369,0,1991
11,17.2,-89,431132.3920506959,3098.9646955434764,0,1992
11,17.2,-89,439496.36045647954,3160.943989454346,0,1993
11,17.2,-89,449912.4241992981,3224.162869243433,0,1994
11,17.2,-89,457920.8653500456,3288.6461266283018,0,1995
11,17.2,-89,468865.1740319117,3354.419049160868,0,1996
11,17.2,-89,478289.36402995314,3421.507430144085,0,1997
11,17.2,-89,488189.9538653731,3489.937578746967,0,1998
11,17.2,-89,497514.38198420184,3559.7363303219067,0,1999
11,17.2,-89,507812.9296912748,3630.931056928345,0,2000
11,17.2,-89,516344.1869100882,3703.5496780669114,0,2001
11,17.2,-89,526257.9952987619,3777.6206716282495,0,2002
11,17.2,-89,534730.749023072,3853.173085060814,0,2003
11,17.2,-89,548045.5446737465,3930.2365467620302,0,2004
11,17.2,-89,559061.2601216887,4008.8412776972714,0,2005
11,17.2,-89,568900.7382998305,4089.018103251217,0,2006
11,17.2,-89,581985.4552807265,4170.798465316241,0,2007
11,17.2,-89,595487.5178432395,4254.214434622566,0,2008
11,17.2,-89,609243.2795054184,4339.298723315017,0,2009
11,17.2,-89,622707.5559824881,4426.084697781317,0,2010
11,17.2,-89,632919.9599006008,4514.606391736944,0,2011
11,17.2,-89,646021.4030705432,4604.898519571683,0,2012
11,17.2,-89,657972.7990273482,4696.996489963117,0,2013
11,17.2,-89,671527.0386873115,4790.936419762379,0,2014
11,17.2,-89,683144.456456602,4886.7551481576265,0,2015
11,17.2,-89,697490.4900421905,4984.490251120779,0,2016
11,17.2,-89,709347.8283729078,5084.180056143195,0,2017
11,17.2,-89,722470.7631978065,5185.863657266059,0,2018
11,17.2,-89,739810.061514554,5289.58093041138,0,2019
11,17.2,-89,750907.2124372725,5395.3725490196075,0,2020
11,17.2,-89,763147,5503.28,0,2021
12,34.6,-77.9,269099.83138282073,937.4047081035758,0,1985
12,34.6,-77.9,273190.14881983964,956.1528022656473,0,1986
12,34.6,-77.9,279145.69406411215,975.2758583109604,0,1987
12,34.6,-77.9,284393.6331125174,994.7813754771797,0,1988
12,34.6,-77.9,289342.08232867526,1014.6770029867232,0,1989
12,34.6,-77.9,293913.6872294683,1034.9705430464576,0,1990
12,34.6,-77.9,299086.568124707,1055.6699539073866,0,1991
12,34.6,-77.9,303782.2272442649,1076.7833529855343,0,1992
12,34.6,-77.9,311346.40470264707,1098.3190200452452,0,1993
12,34.6,-77.9,317479.9288752892,1120.28540044615,0,1994
12,34.6,-77.9,324496.2353034331,1142.6911084550732,0,1995
12,34.6,-77.9,330012.6713035915,1165.5449306241749,0,1996
12,34.6,-77.9,335457.88038010075,1188.8558292366583,0,1997
12,34.6,-77.9,343743.6900254892,1212.6329458213916,0,1998
12,34.6,-77.9,351306.05120605,1236.8856047378194,7099.723371195084,1999
12,34.6,-77.9,358859.1313069801,1261.623316832576,0,2000
12,34.6,-77.9,365175.05201798293,1286.8557831692276,10758.114347294742,2001
12,34.6,-77.9,372734.1755947552,1312.5928988326125,12088.98059824836,2002
12,34.6,-77.9,378735.1958218308,1338.8447568092645,0,2003
12,34.6,-77.9,385514.5558270416,1365.6216519454497,0,2004
12,34.6,-77.9,391335.82562002994,1392.9340849843588,0,2005
12,34.6,-77.9,399945.2137836706,1420.792766684046,0,2006
12,34.6,-77.9,406504.3152897228,1449.2086220177268,0,2007
12,34.6,-77.9,416179.11799361825,1478.1927944580814,0,2008
12,34.6,-77.9,424502.7003534906,1507.7566503472433,0,2009
12,34.6,-77.9,430997.59166889905,1537.911783354188,0,2010
12,34.6,-77.9,438324.5507272704,1568.6700190212716,0,2011
12,34.6,-77.9,445293.9110838339,1600.0434194016973,0,2012
12,34.6,-77.9,454511.4950432693,1632.044287789731,0,2013
12,34.6,-77.9,461874.58126297034,1664.6851735455257,0,2014
12,34.6,-77.9,471527.76001136634,1697.9788770164362,0,2015
12,34.6,-77.9,481288.3846436016,1731.938454556765,0,2016
12,34.6,-77.9,488555.83925172006,1766.5772236479004,0,2017
12,34.6,-77.9,497740.68902965233,1801.9087681208584,10559.18538118823,2018
12,34.6,-77.9,509487.36929075216,1837.946943483276,0,2019
12,34.6,-77.9,517690.11593633326,1874.7058823529412,0,2020
12,34.6,-77.9,526905,1912.2,0,2021
13,30.4,-87.5,942928.9088269924,3869.9392024367617,0,1985
13,30.4,-87.5,958487.2358226378,3947.337986485497,0,1986
13,30.4,-87.5,980149.0473522295,4026.284746215207,0,1987
13,30.4,-87.5,1000536.1475371555,4106.810441139512,0,1988
13,30.4,-87.5,1023348.3717010028,4188.946649962302,39627.435308643384,1989
13,30.4,-87.5,1043815.3391350228,4272.725582961548,0,1990
13,30.4,-87.5,1068031.8550029555,4358.180094620779,36608.71279481454,1991
13,30.4,-87.5,1086508.8060945068,4445.343696513194,0,1992
13,30.4,-87.5,1103241.0417083623,4534.250570443458,0,1993
13,30.4,-87.5,1127512.3446259464,4624.935581852327,0,1994
13,30.4,-87.5,1153783.3822557307,4717.434293489374,0,1995
13,30.4,-87.5,1174205.3481216575,4811.782979359161,0,1996
13,30.4,-87.5,1202973.379150638,4908.018638946344,0,1997
13,30.4,-87.5,1226070.4680303305,5006.179011725271,0,1998
13,30.4,-87.5,1247158.8800804522,5106.302591959778,0,1999
13,30.4,-87.5,1276716.5455383589,5208.428643798973,0,2000
13,30.4,-87.5,1300718.8165944798,5312.5972166749525,36656.92079505717,2001
13,30.4,-87.5,1329594.7743228774,5418.849161008452,0,2002
13,30.4,-87.5,1353128.6018283924,5527.226144228621,0,2003
13,30.4,-87.5,1380867.7381658745,5637.770667113194,0,2004
13,30.4,-87.5,1406551.8780957595,5750.526080455457,0,2005
13,30.4,-87.5,1440449.7783578674,5865.536602064567,0,2006
13,30.4,-87.5,1473724.1682379344,5982.847334105858,45888.43905259193,2007
13,30.4,-87.5,1501430.1826008074,6102.504280787975,0,2008
13,30.4,-87.5,1538665.6511293072,6224.554366403735,0,2009
13,30.4,-87.5,1572054.6957588133,6349.04545373181,0,2010
13,30.4,-87.5,1609469.5975178732,6476.026362806446,0,2011
13,30.4,-87.5,1648418.7617778056,6605.546890062575,0,2012
13,30.4,-87.5,1688310.4958128284,6737.657827863826,0,2013
13,30.4,-87.5,1719713.0710349467,6872.410984421103,0,2014
13,30.4,-87.5,1753935.3611485425,7009.859204109525,0,2015
13,30.4,-87.5,1793048.119702155,7150.056388191715,0,2016
13,30.4,-87.5,1822992.0233011807,7293.057515955549,0,2017
13,30.4,-87.5,1850519.202853029,7438.918666274661,0,2018
13,30.4,-87.5,1882903.288902957,7587.697039600153,0,2019
13,30.4,-87.5,1926398.3548766156,7739.4509803921565,0,2020
13,30.4,-87.5,1967238,7894.24,54707.083199999994,2021
14,18,-77.2,179338.38178441674,1715.2025629154668,0,1985
14,18,-77.2,182978.9509346404,1749.506614173776,0,1986
14,18,-77.2,185851.72046431425,1784.4967464572517,0,1987
14,18,-77.2,189494.4141854148,1820.186681386397,0,1988
14,18,-77.2,194004.3812430277,1856.5904150141248,0,1989
14,18,-77.2,197457.6592291536,1893.7222233144073,0,1990
14,18,-77.2,202216.3888165762,1931.5966677806953,0,1991
14,18,-77.2,206442.7113428426,1970.228601136309,0,1992
14,18,-77.2,211190.893703728,2009.633173159035,0,1993
14,18,-77.2,216470.66604632116,2049.825836622216,0,1994
14,18,-77.2,220497.02043478272,2090.82235335466,0,1995
14,18,-77.2,225480.2530966088,2132.6388004217533,0,1996
14,18,-77.2,230057.50223446995,2175.291576430189,12486.173648709284,1997
14,18,-77.2,235647.8995387676,2218.797407958793,0,1998
14,18,-77.2,240078.0800500964,2263.1733561179685,0,1999
14,18,-77.2,245119.7197311484,2308.436823240328,0,2000
14,18,-77.2,249850.5303219596,2354.6055597051345,0,2001
14,18,-77.2,254572.7053450446,2401.697670899237,0,2002
14,18,-77.2,259689.61672248,2449.7316243172218,0,2003
14,18,-77.2,264156.2781301067,2498.7262568035662,0,2004
14,18,-77.2,268884.6755086356,2548.7007819396376,0,2005
14,18,-77.2,273912.81894064706,2599.6747975784306,0,2006
14,18,-77.2,280240.20505817607,2651.668293529999,0,2007
14,18,-77.2,285060.3365851767,2704.701659400599,0,2008
14,18,-77.2,289934.8683407832,2758.7956925886115,0,2009
14,18,-77.2,294312.8848527291,2813.971606440384,0,2010
14,18,-77.2,301023.2186273713,2870.251038569191,0,2011
14,18,-77.2,307103.8876436442,2927.6560593405748,0,2012
14,18,-77.2,312570.3368437011,2986.2091805273863,0,2013
14,18,-77.2,317321.40596372535,3045.933364137934,0,2014
14,18,-77.2,323350.51267703617,3106.8520314206926,0,2015
14,18,-77.2,330496.55900719867,3168.9890720491067,0,2016
14,18,-77.2,336974.29156373977,3232.3688534900884,0,2017
14,18,-77.2,345027.9771321132,3297.01623055989,0,2018
14,18,-77.2,351514.5031021969,3362.9565551710884,0,2019
14,18,-77.2,358017.5214095875,3430.2156862745105,0,2020
14,18,-77.2,363710,3498.82,0,2021
15,41.9,-87.9,679480.8418891418,2887.4731823528036,17815.7095351168,1985
15,41.9,-87.9,691575.6008747686,2945.2226459998597,0,1986
15,41.9,-87.9,706859.421654101,3004.1270989198574,0,1987
15,41.9,-87.9,722551.7008148219,3064.2096408982547,0,1988
15,41.9,-87.9,737725.2865319332,3125.49383371622,0,1989
15,41.9,-87.9,753143.7450204506,3188.0037103905443,0,1990
15,41.9,-87.9,767830.0480483494,3251.7637845983554,0,1991
15,41.9,-87.9,786872.2332399485,3316.7990602903224,0,1992
15,41.9,-87.9,801980.1801181557,3383.13504149613,0,1993
15,41.9,-87.9,816816.8134503415,3450.797742326052,0,1994
15,41.9,-87.9,830212.609190927,3519.813697172573,0,1995
15,41.9,-87.9,842914.8621115483,3590.209971116025,0,1996
15,41.9,-87.9,859688.8678675682,3662.0141705383458,0,1997
15,41.9,-87.9,877914.2718663607,3735.254453949112,0,1998
15,41.9,-87.9,898896.4229639667,3809.9595430280942,27507.90790066284,1999
15,41.9,-87.9,919571.040692138,3886.158733888657,0,2000
15,41.9,-87.9,942008.574085026,3963.88190856643,0,2001
15,41.9,-87.9,961602.3524259944,4043.1595467377583,0,2002
15,41.9,-87.9,981315.2006507271,4124.022737672514,0,2003
15,41.9,-87.9,998684.4797022453,4206.503192425966,0,2004
15,41.9,-87.9,1015262.6420653024,4290.633256274486,0,2005
15,41.9,-87.9,1031709.8968667604,4376.445921399975,0,2006
15,41.9,-87.9,1051828.2398556622,4463.974839827974,0,2007
15,41.9,-87.9,1075284.0096044436,4553.254336624534,0,2008
15,41.9,-87.9,1097864.9738061368,4644.319423357024,0,2009
15,41.9,-87.9,1115760.172879177,4737.205811824165,0,2010
15,41.9,-87.9,1137963.8003194723,4831.949928060649,0,2011
15,41.9,-87.9,1165730.1170472675,4928.588926621862,0,2012
15,41.9,-87.9,1184381.7989200235,5027.1607051543,0,2013
15,41.9,-87.9,1208424.7494381005,5127.703919257386,0,2014
15,41.9,-87.9,1231263.9772024802,5230.257997642533,0,2015
15,41.9,-87.9,1249979.189655958,5334.863157595384,0,2016
15,41.9,-87.9,1280478.6818835633,5441.560420747292,0,2017
15,41.9,-87.9,1310954.074512392,5550.391629162236,0,2018
15,41.9,-87.9,1333764.6754089077,5661.399461745482,0,2019
15,41.9,-87.9,1363374.2512029854,5774.627450980392,0,2020
15,41.9,-87.9,1388324,5890.12,0,2021
16,26.5,-97.8,276311.79559630225,2079.3991457751586,0,1985
16,26.5,-97.8,282003.8185855861,2120.9871286906614,0,1986
16,26.5,-97.8,288489.90641305456,2163.4068712644753,0,1987
16,26.5,-97.8,293653.8757378482,2206.675008689765,0,1988
16,26.5,-97.8,300496.01104254014,2250.8085088635603,0,1989
16,26.5,-97.8,306025.1376457229,2295.8246790408316,0,1990
16,26.5,-97.8,310799.12979299616,2341.7411726216483,0,1991
16,26.5,-97.8,317263.7516926905,2388.5759960740816,0,1992
16,26.5,-97.8,322498.60359561985,2436.347515995564,0,1993
16,26.5,-97.8,330561.0686855103,2485.0744663154755,0,1994
16,26.5,-97.8,337370.6267004318,2534.775955641785,0,1995
16,26.5,-97.8,345298.836427892,2585.471474754621,0,1996
16,26.5,-97.8,352135.7533891642,2637.180904249713,0,1997
16,26.5,-97.8,358579.83767618594,2689.9245223347075,0,1998
16,26.5,-97.8,365894.86636478006,2743.7230127814014,0,1999
16,26.5,-97.8,374566.5746976254,2798.59747303703,0,2000
16,26.5,-97.8,381570.969644471,2854.5694224977706,0,2001
16,26.5,-97.8,388133.99032235594,2911.6608109477265,0,2002
16,26.5,-97.8,396323.6175181577,2969.8940271666816,0,2003
16,26.5,-97.8,404725.6782095427,3029.291907710015,0,2004
16,26.5,-97.8,414803.34759696026,3089.8777458642153,0,2005
16,26.5,-97.8,421979.44551038765,3151.675300781499,0,2006
16,26.5,-97.8,431895.9624798818,3214.7088067971295,0,2007
16,26.5,-97.8,441354.4840581912,3279.0029829330724,0,2008
16,26.5,-97.8,450534.6573266016,3344.5830425917334,0,2009
16,26.5,-97.8,458914.6019528763,3411.4747034435686,0,2010
16,26.5,-97.8,469699.09509876894,3479.7041975124403,0,2011
16,26.5,-97.8,478623.3779056456,3549.2982814626894,0,2012
16,26.5,-97.8,490349.6506643339,3620.284247091943,0,2013
16,26.5,-97.8,498636.5597605611,3692.6899320337825,0,2014
16,26.5,-97.8,509656.4277312696,3766.5437306744575,0,2015
16,26.5,-97.8,518881.20907320554,3841.8746052879474,0,2016
16,26.5,-97.8,528584.2876828745,3918.7120973937062,0,2017
16,26.5,-97.8,538363.0970050077,3997.08633934158,0,2018
16,26.5,-97.8,548268.9779898998,4077.028066128412,0,2019
16,26.5,-97.8,560824.3375858684,4158.56862745098,0,2020
16,26.5,-97.8,571480,4241.74,0,2021
17,33.8,-80.7,1695941.3058905303,8369.820055307671,0,1985
17,33.8,-80.7,1734439.1735342452,8537.216456413824,0,1986
17,33.8,-80.7,1768434.1813355165,8707.9607855421,85425.095306168,1987
17,33.8,-80.7,1810699.7582694355,8882.120001252943,0,1988
17,33.8,-80.7,1846189.4735315165,9059.762401278,0,1989
17,33.8,-80.7,1880713.2166865557,9240.957649303558,0,1990
17,33.8,-80.7,1916070.6251602627,9425.77680228963,0,1991
17,33.8,-80.7,1945386.505725215,9614.292338335425,0,1992
17,33.8,-80.7,1988768.6248028872,9806.578185102133,0,1993
17,33.8,-80.7,2032720.4114110307,10002.709748804176,0,1994
17,33.8,-80.7,2064430.849829043,10202.76394378026,0,1995
17,33.8,-80.7,2113357.8609699914,10406.819222655864,0,1996
17,33.8,-80.7,2151398.3024674514,10614.95560710898,0,1997
17,33.8,-80.7,2203892.4210476573,10827.25471925116,0,1998
17,33.8,-80.7,2240036.256752839,11043.799813636184,0,1999
17,33.8,-80.7,2289541.0580270765,11264.675809908907,0,2000
17,33.8,-80.7,2328005.347801931,11489.969326107086,0,2001
17,33.8,-80.7,2374332.6542231897,11719.768712629228,0,2002
17,33.8,-80.7,2409947.644036538,11954.164086881814,0,2003
17,33.8,-80.7,2456459.6335664433,12193.24736861945,0,2004
17,33.8,-80.7,2500430.261007283,12437.11231599184,0,2005
17,33.8,-80.7,2552939.2964884355,12685.854562311675,0,2006
17,33.8,-80.7,2606040.433855395,12939.571653557909,0,2007
17,33.8,-80.7,2647215.8727103104,13198.363086629066,0,2008
17,33.8,-80.7,2699366.025402704,13462.330348361647,0,2009
17,33.8,-80.7,2759291.951166644,13731.576955328885,0,2010
17,33.8,-80.7,2808683.2770925267,14006.20849443546,0,2011
17,33.8,-80.7,2874687.3341042013,14286.332664324167,0,2012
17,33.8,-80.7,2925281.8311844356,14572.059317610652,0,2013
17,33.8,-80.7,2977644.375962637,14863.500503962869,0,2014
17,33.8,-80.7,3026477.743728424,15160.770514042124,0,2015
17,33.8,-80.7,3097297.322931669,15463.985924322968,0,2016
17,33.8,-80.7,3157694.620728837,15773.265642809429,85806.56509688329,2017
17,33.8,-80.7,3227795.441309017,16088.730955665616,0,2018
17,33.8,-80.7,3286864.097884972,16410.50557477893,82544.843041138025,2019
17,33.8,-80.7,3342083.414729439,16738.71568627451,0,2020
17,33.8,-80.7,3421625,17073.49,137783.06430000003,2021
18,24.8,-111.6,334458.9220779056,1974.6188496188704,0,1985
18,24.8,-111.6,340211.61553764564,2014.1112266112475,0,1986
18,24.8,-111.6,345518.91674003296,2054.3934511434727,0,1987
18,24.8,-111.6,352705.71020822565,2095.4813201663424,0,1988
18,24.8,-111.6,360324.1535487234,2137.3909465696693,0,1989
18,24.8,-111.6,368899.86840318295,2180.1387655010626,20754.921047570115,1990
18,24.8,-111.6,375540.06603444024,2223.7415408110837,0,1991
18,24.8,-111.6,384252.59556643927,2268.2163716273053,16671.390331460694,1992
18,24.8,-111.6,390016.3844999359,2313.580699059851,0,1993
18,24.8,-111.6,399766.79411243426,2359.8523130410485,0,1994
18,24.8,-111.6,407642.1999564492,2407.0493593018696,0,1995
18,24.8,-111.6,417507.14119539526,2455.190346487907,0,1996
18,24.8,-111.6,426107.7883040203,2504.2941534176653,0,1997
18,24.8,-111.6,434459.5009547792,2554.3800364860185,0,1998
18,24.8,-111.6,441628.082720533,2605.4676372157387,0,1999
18,24.8,-111.6,448605.80642751744,2657.576989960053,0,2000
18,24.8,-111.6,458789.1582334221,2710.7285297592543,0,2001
18,24.8,-111.6,468653.1251354406,2764.9431003544396,0,2002
18,24.8,-111.6,477135.74670039216,2820.2419623615283,0,2003
18,24.8,-111.6,485771.9037156693,2876.6468016087592,0,2004
18,24.8,-111.6,496264.5768359278,2934.179737640935,0,2005
18,24.8,-111.6,506785.38586484944,2992.863332393754,0,2006
18,24.8,-111.6,516819.7365049735,3052.7205990416287,0,2007
18,24.8,-111.6,525192.2162363541,3113.7750110224615,0,2008
18,24.8,-111.6,536483.8488854357,3176.0505112429105,0,2009
18,24.8,-111.6,546569.7452444818,3239.571521467769,0,2010
18,24.8,-111.6,558320.9947672383,3304.3629518971243,0,2011
18,24.8,-111.6,566695.8096887469,3370.450210935067,25649.12610521586,2012
18,24.8,-111.6,579786.482892557,3437.8592151537687,0,2013
18,24.8,-111.6,588831.152025681,3506.6163994568437,19040.92704905066,2014
18,24.8,-111.6,601491.0217942331,3576.748727445981,0,2015
18,24.8,-111.6,615926.8063172947,3648.2837019949006,0,2016
18,24.8,-111.6,629908.3448206973,3721.2493760347984,0,2017
18,24.8,-111.6,643073.4292274498,3795.6743635554953,0,2018
18,24.8,-111.6,658571.4988718313,3871.5878508266046,0,2019
18,24.8,-111.6,674904.0720438528,3949.019607843137,23931.05882352941,2020
18,24.8,-111.6,689482,4028,0,2021
19,51.1,-114.3,821486.5244555228,5989.531744309304,0,1985
19,51.1,-114.3,834301.714237029,6109.32237919549,0,1986
19,51.1,-114.3,850737.4580074985,6231.508826779399,59386.27911920767,1987
19,51.1,-114.3,863838.8148608141,6356.139003314986,0,1988
19,51.1,-114.3,878696.8424764201,6483.261783381286,0,1989
19,51.1,-114.3,898203.9123793966,6612.9270190489115,0,1990
19,51.1,-114.3,919850.62666774,6745.18555942989,0,1991
19,51.1,-114.3,936039.9976970924,6880.089270618489,0,1992
19,51.1,-114.3,950174.2016623185,7017.691056030858,0,1993
19,51.1,-114.3,967942.4592334038,7158.044877151476,0,1994
19,51.1,-114.3,989430.7818283853,7301.205774694506,0,1995
19,51.1,-114.3,1005657.4466503708,7447.229890188396,0,1996
19,51.1,-114.3,1023155.8862220874,7596.174487992164,0,1997
19,51.1,-114.3,1047711.6274914176,7748.097977752008,0,1998
19,51.1,-114.3,1071389.9102727235,7903.059937307048,0,1999
19,51.1,-114.3,1097531.824083378,8061.121136053191,0,2000
19,51.1,-114.3,1121567.771030804,8222.343558774253,0,2001
19,51.1,-114.3,1142877.5586803895,8386.790429949739,0,2002
19,51.1,-114.3,1164935.0955629211,8554.526238548733,0,2003
19,51.1,-114.3,1188000.8104550673,8725.616763319707,0,2004
19,51.1,-114.3,1210097.6255295314,8900.129098586101,0,2005
19,51.1,-114.3,1234299.578040122,9078.131680557824,0,2006
19,51.1,-114.3,1253678.081415352,9259.69431416898,0,2007
19,51.1,-114.3,1274990.6087994133,9444.88820045236,0,2008
19,51.1,-114.3,1300745.4190971612,9633.785964461407,0,2009
19,51.1,-114.3,1328581.3710658406,9826.461683750635,0,2010
19,51.1,-114.3,1355684.4310355836,10022.990917425648,0,2011
19,51.1,-114.3,1385916.1938476772,10223.450735774162,94055.74676912228,2012
19,51.1,-114.3,1411139.868575705,10427.919750489646,0,2013
19,51.1,-114.3,1445853.909342667,10636.47814549944,85730.01385272549,2014
19,51.1,-114.3,1479542.3054303515,10849.207708409427,0,2015
19,51.1,-114.3,1511796.327688733,11066.191862577616,0,2016
19,51.1,-114.3,1547021.1821238813,11287.51569982917,0,2017
19,51.1,-114.3,1576105.18034781,11513.266013825752,0,2018
19,51.1,-114.3,1613301.2626040184,11743.531334102268,0,2019
19,51.1,-114.3,1646857.928866182,11978.401960784313,0,2020
19,51.1,-114.3,1676172,12217.97,81738.2193,2021
20,25,-77.4,1440679.957073053,6620.414623192127,0,1985
20,25,-77.4,1469061.3522273926,6752.82291565597,0,1986
20,25,-77.4,1493007.052268699,6887.87937396909,60613.338490928,1987
20,25,-77.4,1526002.5081238374,7025.636961448472,0,1988
20,25,-77.4,1551028.9492570683,7166.1497006774425,0,1989
20,25,-77.4,1586392.4093001294,7309.472694690992,45757.299068765606,1990
20,25,-77.4,1613995.6372219515,7455.662148584811,0,1991
20,25,-77.4,1648373.7442947794,7604.775391556507,0,1992
20,25,-77.4,1683319.2676738289,7756.870899387638,0,1993
20,25,-77.4,1721362.283123257,7912.00831737539,42012.76416526332,1994
20,25,-77.4,1752174.6679911637,8070.248483722899,0,1995
20,25,-77.4,1789320.7709525763,8231.653453397355,0,1996
20,25,-77.4,1824570.3901403423,8396.286522465303,0,1997
20,25,-77.4,1859784.598670051,8564.212252914609,0,1998
20,25,-77.4,1899769.9675414572,8735.496497972901,0,1999
20,25,-77.4,1944794.5157721897,8910.206427932359,0,2000
20,25,-77.4,1985440.7211518283,9088.410556491006,0,2001
20,25,-77.4,2022568.4626373672,9270.178767620826,0,2002
20,25,-77.4,2061199.520273741,9455.582342973243,0,2003
20,25,-77.4,2103866.3503434076,9644.693989832707,0,2004
20,25,-77.4,2144050.197634967,9837.587869629362,0,2005
20,25,-77.4,2178569.4058168894,10034.339627021947,0,2006
20,25,-77.4,2213862.230191123,10235.026419562388,0,2007
20,25,-77.4,2266773.537492691,10439.72694795364,0,2008
20,25,-77.4,2303041.9140925743,10648.52148691271,0,2009
20,25,-77.4,2347951.23141738,10861.491916650964,93408.8304831983,2010
20,25,-77.4,2385988.0413663415,11078.721754983982,0,2011
20,25,-77.4,2422016.4607909736,11300.296190083662,0,2012
20,25,-77.4,2470456.790006793,11526.302113885336,0,2013
20,25,-77.4,2516654.33197992,11756.828156163045,0,2014
20,25,-77.4,2557927.463024391,11991.964719286305,0,2015
20,25,-77.4,2596807.960462362,12231.804013672032,0,2016
20,25,-77.4,2644848.9077309156,12476.440093945474,0,2017
20,25,-77.4,2697745.885885534,12725.968895824382,0,2018
20,25,-77.4,2739021.397939583,12980.48827374087,0,2019
20,25,-77.4,2796814.7494361084,13240.098039215687,0,2020
20,25,-77.4,2851912,13504.9,0,2021
21,35.6,-87,1559810.2088154927,11374.628148697288,0,1985
21,35.6,-87,1598181.539952354,11602.120711671232,0,1986
21,35.6,-87,1636058.4424492249,11834.163125904655,0,1987
21,35.6,-87,1670579.2755849038,12070.846388422751,0,1988
21,35.6,-87,1705995.5562273038,12312.263316191204,0,1989
21,35.6,-87,1740115.46735185,12558.508582515033,0,1990
21,35.6,-87,1767609.2917360093,12809.678754165332,0,1991
21,35.6,-87,1801547.3901373409,13065.87232924864,0,1992
21,35.6,-87,1833795.0884207992,13327.189775833613,0,1993
21,35.6,-87,1878906.447595951,13593.733571350287,0,1994
21,35.6,-87,1920430.2800878217,13865.608242777293,0,1995
21,35.6,-87,1949428.7773171477,14142.92040763284,105647.61544501732,1996
21,35.6,-87,1978670.208976905,14425.778815785496,0,1997
21,35.6,-87,2025168.9588878625,14714.294392101208,0,1998
21,35.6,-87,2062229.5508355105,15008.580279943231,0,1999
21,35.6,-87,2112754.17483098,15308.751885542097,0,2000
21,35.6,-87,2146980.792463242,15614.92692325294,0,2001
21,35.6,-87,2198937.7276408523,15927.225461717995,0,2002
21,35.6,-87,2250612.7642404125,16245.76997095236,0,2003
21,35.6,-87,2293599.4680374046,16570.685370371404,0,2004
21,35.6,-87,2337865.937770527,16902.099077778832,0,2005
21,35.6,-87,2396078.799621013,17240.141059334408,0,2006
21,35.6,-87,2435374.4919347977,17584.943880521096,0,2007
21,35.6,-87,2476288.783399302,17936.64275813152,0,2008
21,35.6,-87,2515166.5172986714,18295.37561329415,0,2009
21,35.6,-87,2557421.314789289,18661.283125560032,0,2010
21,35.6,-87,2618799.426344232,19034.50878807123,0,2011
21,35.6,-87,2664628.4163052565,19415.19896383266,0,2012
21,35.6,-87,2714456.9676901647,19803.502943109313,0,2013
21,35.6,-87,2756802.4963861313,20199.5730019715,0,2014
21,35.6,-87,2814971.029059879,20603.56446201093,0,2015
21,35.6,-87,2885345.3047863757,21015.63575125115,192923.5361964855,2016
21,35.6,-87,2932087.8987239148,21435.94846627617,0,2017
21,35.6,-87,2988090.777589542,21864.667435601696,0,2018
21,35.6,-87,3037991.893575287,22301.960784313727,0,2019
21,35.6,-87,3087814.9606299214,22748,0,2020
21,35.6,-87,3137220,23202.96,0,2021
22,39.4,-94.8,2444890.5100650196,8427.886987466893,0,1985
22,39.4,-94.8,2489876.495450216,8596.44472721623,57424.25077780442,1986
22,39.4,-94.8,2536935.1612142245,8768.373621760555,0,1987
22,39.4,-94.8,2596045.7504705163,8943.741094195766,0,1988
22,39.4,-94.8,2648485.8746300205,9122.615916079681,0,1989
22,39.4,-94.8,2701985.2892975467,9305.068234401275,0,1990
22,39.4,-94.8,2766022.3406538987,9491.1695990893,0,1991
22,39.4,-94.8,2827704.638850481,9680.992991071085,0,1992
22,39.4,-94.8,2889631.3704413064,9874.612850892509,0,1993
22,39.4,-94.8,2960427.3390171183,10072.105107910358,0,1994
22,39.4,-94.8,3031181.5524196276,10273.547210068564,0,1995
22,39.4,-94.8,3088167.7656051163,10479.018154269936,0,1996
22,39.4,-94.8,3144372.4189391294,10688.598517355334,0,1997
22,39.4,-94.8,3201599.996963822,10902.37048770244,0,1998
22,39.4,-94.8,3249623.996918279,11120.417897456487,0,1999
22,39.4,-94.8,3322740.5368489404,11342.82625540562,0,2000
22,39.4,-94.8,3378894.8519216874,11569.682780513733,0,2001
22,39.4,-94.8,3437687.622345125,11801.076436124007,0,2002
22,39.4,-94.8,3506097.606029793,12037.097964846487,0,2003
22,39.4,-94.8,3574466.5093473746,12277.83992414342,0,2004
22,39.4,-94.8,3654534.559156755,12523.39672262629,0,2005
22,39.4,-94.8,3734568.8660022886,12773.864657078817,64763.4938113896,2006
22,39.4,-94.8,3809260.2433223343,13029.341950220392,0,2007
22,39.4,-94.8,3901063.4151864024,13289.9287892248,85454.24211471547,2008
22,39.4,-94.8,3967381.493244571,13555.727365009298,0,2009
22,39.4,-94.8,4031653.073435134,13826.841912309485,0,2010
22,39.4,-94.8,4094546.8613807214,14103.378750555674,0,2011
22,39.4,-94.8,4162516.3392796414,14385.446325566789,0,2012
22,39.4,-94.8,4265330.492859849,14673.155252078124,0,2013
22,39.4,-94.8,4336561.512090608,14966.618357119689,0,2014
22,39.4,-94.8,4444108.2375904545,15265.950724262084,0,2015
22,39.4,-94.8,4523657.775043324,15571.269738747324,0,2016
22,39.4,-94.8,4603726.517661591,15882.695133522271,0,2017
22,39.4,-94.8,4715136.699389001,16200.349036192716,0,2018
22,39.4,-94.8,4791521.913919103,16524.356016916572,0,2019
22,39.4,-94.8,4902206.070130635,16854.843137254902,0,2020
22,39.4,-94.8,4990936,17191.94,0,2021
23,4.8,-52.5,465761.17213631026,4289.501587897242,0,1985
23,4.8,-52.5,473399.6553593458,4375.291619655187,30145.75925942424,1986
23,4.8,-52.5,483625.0879151076,4462.79745204829,43780.043004593725,1987
23,4.8,-52.5,494216.4773404485,4552.053401089256,0,1988
23,4.8,-52.5,502222.7842733637,4643.094469111042,0,1989
23,4.8,-52.5,511664.5726177029,4735.956358493262,0,1990
23,4.8,-52.5,522870.0267580306,4830.675485663128,45504.96307494667,1991
23,4.8,-52.5,533379.714295867,4927.28899537639,0,1992
23,4.8,-52.5,542500.5074103264,5025.834775283917,0,1993
23,4.8,-52.5,553784.5179644611,5126.351470789596,30245.473677658618,1994
23,4.8,-52.5,564140.2884503965,5228.878500205387,0,1995
23,4.8,-52.5,575028.1960174892,5333.456070209495,0,1996
23,4.8,-52.5,585206.1950869987,5440.125191613684,0,1997
23,4.8,-52.5,594745.0560669168,5548.927695445958,0,1998
23,4.8,-52.5,607769.9727947823,5659.906249354877,0,1999
23,4.8,-52.5,620411.5882289137,5773.104374341975,51727.015194104104,2000
23,4.8,-52.5,629717.7620523475,5888.566461828814,0,2001
23,4.8,-52.5,644893.9601178091,6006.337791065391,0,2002
23,4.8,-52.5,656437.5620039179,6126.464546886698,0,2003
23,4.8,-52.5,670354.038318401,6248.993837824433,0,2004
23,4.8,-52.5,684498.5085269193,6373.973714580922,0,2005
23,4.8,-52.5,701200.2721349761,6501.45318887254,0,2006
23,4.8,-52.5,712629.8365707762,6631.48225264999,0,2007
23,4.8,-52.5,725884.7515309927,6764.111897702991,0,2008
23,4.8,-52.5,736773.0228039576,6899.394135657051,0,2009
23,4.8,-52.5,754308.2207466918,7037.382018370192,0,2010
23,4.8,-52.5,772185.3255783885,7178.1296587375955,41489.589427503306,2011
23,4.8,-52.5,788941.7471434395,7321.692251912349,0,2012
23,4.8,-52.5,802117.0743207348,7468.126096950596,0,2013
23,4.8,-52.5,819442.8031260627,7617.488618889606,0,2014
23,4.8,-52.5,839027.4861207757,7769.838391267398,0,2015
23,4.8,-52.5,855808.0358431912,7925.235159092747,0,2016
23,4.8,-52.5,876775.3327213493,8083.739862274601,0,2017
23,4.8,-52.5,892644.9662436057,8245.414659520095,0,2018
23,4.8,-52.5,912283.1555009651,8410.322952710496,0,2019
23,4.8,-52.5,930984.9601887349,8578.529411764706,0,2020
23,4.8,-52.5,947091,8750.1,0,2021
24,15,-83.7,200942.7868016787,1336.7404863805198,0,1985
24,15,-83.7,204278.4370625866,1363.4752961081304,0,1986
24,15,-83.7,208772.56267796352,1390.7448020302927,0,1987
24,15,-83.7,212989.76844405837,1418.5596980708988,0,1988
24,15,-83.7,216589.29553076293,1446.9308920323167,0,1989
24,15,-83.7,220076.38318880825,1475.8695098729631,0,1990
24,15,-83.7,223663.62823478575,1505.3869000704224,0,1991
24,15,-83.7,228785.52532136237,1535.4946380718309,0,1992
24,15,-83.7,233544.26424804667,1566.2045308332674,0,1993
24,15,-83.7,238331.9216651316,1597.5286214499329,0,1994
24,15,-83.7,242884.06136893565,1629.4791938789317,0,1995
24,15,-83.7,247814.60781472505,1662.0687777565104,0,1996
24,15,-83.7,253192.1848043046,1695.3101533116403,0,1997
24,15,-83.7,258939.6473993623,1729.2163563778734,0,1998
24,15,-83.7,263704.13691151055,1763.8006835054307,0,1999
24,15,-83.7,269479.25750987267,1799.0766971755395,0,2000
24,15,-83.7,274545.4675510583,1835.0582311190503,0,2001
24,15,-83.7,278938.1950318752,1871.7593957414313,0,2002
24,15,-83.7,284182.23309847445,1909.19458365626,0,2003
24,15,-83.7,290405.8240033311,1947.3784753293855,0,2004
24,15,-83.7,295516.9665057897,1986.3260448359736,11540.554320497004,2005
24,15,-83.7,301043.133779448,2026.052565732693,0,2006
24,15,-83.7,307846.7086028635,2066.573617047347,0,2007
24,15,-83.7,313080.1026491122,2107.905089388294,0,2008
24,15,-83.7,319373.0127123593,2150.06319117606,0,2009
24,15,-83.7,324291.35710812965,2193.064454999582,0,2010
24,15,-83.7,332139.2079501464,2236.925744099573,0,2011
24,15,-83.7,338948.0617131244,2281.6642589815647,0,2012
24,15,-83.7,344100.0722511639,2327.297544161196,0,2013
24,15,-83.7,351739.09385513974,2373.8434950444203,0,2014
24,15,-83.7,358984.9191885556,2421.3203649453085,20218.02504729333,2015
24,15,-83.7,366810.79042686615,2469.7467722442148,0,2016
24,15,-83.7,374843.9467372146,2519.141707689099,0,2017
24,15,-83.7,382490.7632506537,2569.524541842881,19142.957836729463,2018
24,15,-83.7,389987.5822103665,2620.9150326797385,0,2019
24,15,-83.7,399035.29411764705,2673.3333333333335,0,2020
24,15,-83.7,407016,2726.8,0,2021
25,35.4,-90.9,2173623.3494690815,17795.801376891748,0,1985
25,35.4,-90.9,2209053.4100654274,18151.717404429583,133415.12292255744,1986
25,35.4,-90.9,2261407.975883978,18514.751752518176,0,1987
25,35.4,-90.9,2309123.68417513,18885.046787568535,0,1988
25,35.4,-90.9,2344453.2765430096,19262.747723319902,0,1989
25,35.4,-90.9,2398375.7019034987,19648.002677786302,0,1990
25,35.4,-90.9,2442505.814818523,20040.96273134203,0,1991
25,35.4,-90.9,2499416.200303795,20441.78198596887,186429.0517120361,1992
25,35.4,-90.9,2560152.013971177,20850.61762568825,0,1993
25,35.4,-90.9,2607770.841431041,21267.629978202018,0,1994
25,35.4,-90.9,2650538.2832305096,21692.982577766055,0,1995
25,35.4,-90.9,2695067.326388782,22126.842229321377,0,1996
25,35.4,-90.9,2743309.031531141,22569.379073907803,0,1997
25,35.4,-90.9,2795980.564936539,23020.76665538596,0,1998
25,35.4,-90.9,2855814.5490261815,23481.18198849368,144878.892869006,1999
25,35.4,-90.9,2902364.3261753083,23950.805628263555,190887.92085726053,2000
25,35.4,-90.9,2955187.356911699,24429.821740828826,0,2001
25,35.4,-90.9,3026111.8534775795,24918.4181756454,0,2002
25,35.4,-90.9,3091778.480698043,25416.78653915831,162667.4338506132,2003
25,35.4,-90.9,3168763.764867424,25925.12226994148,183809.11689388508,2004
25,35.4,-90.9,3243546.5897182953,26443.624715340313,0,2005
25,35.4,-90.9,3298686.8817435065,26972.497209647117,0,2006
25,35.4,-90.9,3352125.6092277514,27511.947153840058,201387.4531661092,2007
25,35.4,-90.9,3412463.870193851,28062.18609691686,0,2008
25,35.4,-90.9,3495727.988626581,28623.4298188552,0,2009
25,35.4,-90.9,3557951.9468241343,29195.898415232303,0,2010
25,35.4,-90.9,3632668.937707441,29779.816383536952,0,2011
25,35.4,-90.9,3720942.792893731,30375.41271120769,0,2012
25,35.4,-90.9,3813966.3627160746,30982.920965431844,0,2013
25,35.4,-90.9,3892534.0697880257,31602.57938474048,0,2014
25,35.4,-90.9,3964156.6966721257,32234.630972435298,0,2015
25,35.4,-90.9,4045818.3246235712,32879.323591884,0,2016
25,35.4,-90.9,4108528.5086552366,33536.91006372168,0,2017
25,35.4,-90.9,4211241.721371617,34207.64826499612,0,2018
25,35.4,-90.9,4288307.444872717,34891.80123029604,0,2019
25,35.4,-90.9,4380506.054937481,35589.637254901965,0,2020
25,35.4,-90.9,4449280,36301.43,0,2021
26,39.7,-86.1,679009.0060700176,7200.039769474119,0,1985
26,39.7,-86.1,690348.4564713868,7344.0405648636,0,1986
26,39.7,-86.1,703050.8680704603,7490.921376160872,0,1987
26,39.7,-86.1,716549.4447374132,7640.739803684091,0,1988
26,39.7,-86.1,728157.5457421592,7793.554599757773,0,1989
26,39.7,-86.1,746288.6686311391,7949.425691752928,0,1990
26,39.7,-86.1,758453.1739298264,8108.4142055879875,0,1991
26,39.7,-86.1,773243.0108214582,8270.582489699747,0,1992
26,39.7,-86.1,790872.9514681874,8435.994139493741,0,1993
26,39.7,-86.1,807797.6326296068,8604.714022283617,0,1994
26,39.7,-86.1,821610.9721475729,8776.808302729289,0,1995
26,39.7,-86.1,837385.9028128065,8952.344468783875,0,1996
26,39.7,-86.1,850700.3386675302,9131.391358159553,0,1997
26,39.7,-86.1,868565.0457795481,9314.019185322744,64266.73237872694,1998
26,39.7,-86.1,883938.6470898464,9500.299569029197,53106.67459087322,1999
26,39.7,-86.1,900733.4813845535,9690.305560409783,0,2000
26,39.7,-86.1,922981.5983747519,9884.111671617979,0,2001
26,39.7,-86.1,937841.6021085854,10081.793905050336,0,2002
26,39.7,-86.1,954347.6143056967,10283.429783151343,0,2003
26,39.7,-86.1,975438.6965818525,10489.098378814371,0,2004
26,39.7,-86.1,997776.2427335768,10698.88034639066,0,2005
26,39.7,-86.1,1019427.9872008954,10912.857953318477,0,2006
26,39.7,-86.1,1041447.6317244348,11131.115112384845,0,2007
26,39.7,-86.1,1061964.1500694065,11353.73741463254,0,2008
26,39.7,-86.1,1084371.5936358708,11580.812162925193,0,2009
26,39.7,-86.1,1107360.2714209517,11812.428406183695,0,2010
26,39.7,-86.1,1130614.8371207914,12048.676974307373,0,2011
26,39.7,-86.1,1154809.9946351764,12289.65051379352,0,2012
26,39.7,-86.1,1176751.3845332449,12535.443524069393,0,2013
26,39.7,-86.1,1197109.1834856702,12786.15239455078,0,2014
26,39.7,-86.1,1223565.2964407036,13041.875442441797,0,2015
26,39.7,-86.1,1244243.5499505512,13302.71295129063,0,2016
26,39.7,-86.1,1273607.6977293843,13568.767210316442,0,2017
26,39.7,-86.1,1303919.5609353436,13840.142554522772,0,2018
26,39.7,-86.1,1329606.7762857701,14116.945405613227,0,2019
26,39.7,-86.1,1360586.6141732284,14399.284313725491,0,2020
26,39.7,-86.1,1382356,14687.27,0,2021
27,33,-93.6,730267.5735397226,7451.6418991609135,0,1985
27,33,-93.6,745530.1658267026,7600.6747371441315,0,1986
27,33,-93.6,763348.3367899609,7752.688231887015,0,1987
27,33,-93.6,775790.9146796371,7907.741996524754,0,1988
27,33,-93.6,789677.5720524028,8065.896836455249,0,1989
27,33,-93.6,809024.6725676865,8227.214773184354,0,1990
27,33,-93.6,827794.044971257,8391.759068648042,0,1991
27,33,-93.6,848240.557882047,8559.594250021002,0,1992
27,33,-93.6,866308.0817649347,8730.786135021423,0,1993
27,33,-93.6,882681.3045102919,8905.40185772185,0,1994
27,33,-93.6,901923.7569486164,9083.509894876286,0,1995
27,33,-93.6,917527.0379438276,9265.180092773811,0,1996
27,33,-93.6,940373.4611886287,9450.483694629287,0,1997
27,33,-93.6,963224.5362955123,9639.493368521871,0,1998
27,33,-93.6,980080.9656806838,9832.28323589231,68039.39999237478,1999
27,33,-93.6,1001152.7064428186,10028.928900610155,0,2000
27,33,-93.6,1016169.997039461,10229.50747862236,0,2001
27,33,-93.6,1034765.9079852832,10434.097628194806,0,2002
27,33,-93.6,1052356.9284210333,10642.779580758704,0,2003
27,33,-93.6,1076771.6091604012,10855.635172373875,0,2004
27,33,-93.6,1094861.3721942955,11072.747875821357,0,2005
27,33,-93.6,1118510.3778336926,11294.202833337782,0,2006
27,33,-93.6,1145690.1800150513,11520.086890004535,0,2007
27,33,-93.6,1168260.2765613478,11750.488627804629,0,2008
27,33,-93.6,1188120.7012628908,11985.49840036072,0,2009
27,33,-93.6,1212833.6118491588,12225.208368367936,0,2010
27,33,-93.6,1231996.3829163755,12469.712535735296,0,2011
27,33,-93.6,1258607.5047873694,12719.106786450002,0,2012
27,33,-93.6,1283276.211881202,12973.488922179002,0,2013
27,33,-93.6,1306246.8560738754,13232.95870062258,0,2014
27,33,-93.6,1335768.035021145,13497.617874635034,0,2015
27,33,-93.6,1361815.5117040572,13767.570232127737,0,2016
27,33,-93.6,1386872.9171194118,14042.92163677029,0,2017
27,33,-93.6,1420989.9908805492,14323.780069505696,0,2018
27,33,-93.6,1444010.028732814,14610.255670895813,0,2019
27,33,-93.6,1467547.3922011587,14902.460784313727,0,2020
27,33,-93.6,1494110,15200.51,0,2021
28,37.9,-88.7,1027350.714632878,6967.164164130782,0,1985
28,37.9,-88.7,1044302.0014243204,7106.507447413398,0,1986
28,37.9,-88.7,1064770.3206522372,7248.637596361666,0,1987
28,37.9,-88.7,1082551.9850071294,7393.610348288899,0,1988
28,37.9,-88.7,1108100.2118532977,7541.482555254677,57466.09707104064,1989
28,37.9,-88.7,1125829.8152429503,7692.312206359771,0,1990
28,37.9,-88.7,1146657.6668249448,7846.158450486967,0,1991
28,37.9,-88.7,1166494.8444610164,8003.081619496707,0,1992
28,37.9,-88.7,1184342.21558127,8163.14325188664,0,1993
28,37.9,-88.7,1209213.4021084765,8326.406116924374,0,1994
28,37.9,-88.7,1233034.9061300135,8492.934239262862,0,1995
28,37.9,-88.7,1257325.6937807747,8662.792924048119,0,1996
28,37.9,-88.7,1280083.288838207,8836.048782529082,53546.45562212623,1997
28,37.9,-88.7,1307349.0628904607,9012.769758179664,0,1998
28,37.9,-88.7,1332319.4299916688,9193.025153343257,0,1999
28,37.9,-88.7,1355368.5561305247,9376.885656410122,69857.79814025541,2000
28,37.9,-88.7,1384102.369520492,9564.423369538325,0,2001
28,37.9,-88.7,1407078.468854532,9755.711836929091,0,2002
28,37.9,-88.7,1432405.8812939138,9950.826073667671,0,2003
28,37.9,-88.7,1467929.5471500028,10149.842595141026,0,2004
28,37.9,-88.7,1493031.142406268,10352.839447043849,0,2005
28,37.9,-88.7,1530356.9209664245,10559.896235984725,0,2006
28,37.9,-88.7,1558974.5953884963,10771.09416070442,0,2007
28,37.9,-88.7,1583918.1889147123,10986.516043918507,0,2008
28,37.9,-88.7,1619397.956346402,11206.24636479688,0,2009
28,37.9,-88.7,1649356.8185388104,11430.371292092816,0,2010
28,37.9,-88.7,1676736.1417265546,11658.978717934671,0,2011
28,37.9,-88.7,1710438.5381752583,11892.158292293369,0,2012
28,37.9,-88.7,1752686.3700681871,12130.001458139235,0,2013
28,37.9,-88.7,1793523.962490776,12372.60148730202,0,2014
28,37.9,-88.7,1833340.1944580711,12620.053517048062,0,2015
28,37.9,-88.7,1863773.6416860751,12872.454587389024,0,2016
28,37.9,-88.7,1901608.2466123027,13129.903679136803,123027.19747351186,2017
28,37.9,-88.7,1948197.648654304,13392.50175271954,0,2018
28,37.9,-88.7,1979563.6307976383,13660.351787773932,0,2019
28,37.9,-88.7,2011038.6925273207,13933.558823529413,0,2020
28,37.9,-88.7,2042612,14212.23,0,2021
29,25.9,-81.7,334510.33699737815,2487.6863987775364,0,1985
29,25.9,-81.7,341401.2499395241,2537.4401267530875,0,1986
29,25.9,-81.7,346795.3896885686,2588.1889292881497,0,1987
29,25.9,-81.7,353904.69517718424,2639.9527078739125,0,1988
29,25.9,-81.7,360062.6368732673,2692.7517620313906,0,1989
29,25.9,-81.7,366975.83950123406,2746.6067972720184,0,1990
29,25.9,-81.7,375086.0055542114,2801.538933217459,0,1991
29,25.9,-81.7,382662.7428664064,2857.569711881808,0,1992
29,25.9,-81.7,389282.8083179953,2914.7211061194444,0,1993
29,25.9,-81.7,398197.38462847733,2973.015528241833,0,1994
29,25.9,-81.7,406121.51258258405,3032.47583880667,0,1995
29,25.9,-81.7,413431.69980907056,3093.1253555828034,0,1996
29,25.9,-81.7,420914.8135756148,3154.9878626944596,0,1997
29,25.9,-81.7,428196.63985047286,3218.087619948349,0,1998
29,25.9,-81.7,435732.9007118413,3282.449372347316,0,1999
29,25.9,-81.7,444186.118985651,3348.0983597942623,0,2000
29,25.9,-81.7,451515.1899489142,3415.0603269901476,0,2001
29,25.9,-81.7,458649.129950107,3483.3615335299505,0,2002
29,25.9,-81.7,467455.1932451491,3553.02876420055,0,2003
29,25.9,-81.7,476290.0963974824,3624.0893394845616,0,2004
29,25.9,-81.7,487197.1396049847,3696.571126274253,0,2005
29,25.9,-81.7,497428.27953668934,3770.502548799738,0,2006
29,25.9,-81.7,505934.3031167668,3845.9125997757337,0,2007
29,25.9,-81.7,515597.64830629714,3922.830851771249,0,2008
29,25.9,-81.7,525600.2426834393,4001.2874688066727,0,2009
29,25.9,-81.7,536007.1274885715,4081.3132181828073,37670.521003827314,2010
29,25.9,-81.7,548442.4928463064,4162.939482546463,0,2011
29,25.9,-81.7,560234.006442502,4246.198272197393,0,2012
29,25.9,-81.7,571718.8035745732,4331.122237641341,0,2013
29,25.9,-81.7,580923.4763121238,4417.744682394167,0,2014
29,25.9,-81.7,594749.4550483524,4506.09957604205,0,2015
29,25.9,-81.7,606584.9692038146,4596.22156756289,0,2016
29,25.9,-81.7,616957.5721771999,4688.145998914149,0,2017
29,25.9,-81.7,627199.0678753414,4781.908918892432,0,2018
29,25.9,-81.7,640370.2483007235,4877.5470972702815,0,2019
29,25.9,-81.7,655290.8750861305,4975.098039215687,0,2020
29,25.9,-81.7,665710,5074.6,0,2021
30,19.5,-99.2,119944.57148400528,700.3278903617232,0,1985
30,19.5,-99.2,122895.2079425118,714.3344481689577,0,1986
30,19.5,-99.2,125131.90072706551,728.6211371323369,0,1987
30,19.5,-99.2,127496.89365080706,743.1935598749836,0,1988
30,19.5,-99.2,129473.0955023946,758.0574310724832,0,1989
30,19.5,-99.2,131958.97893604057,773.218579693933,0,1990
30,19.5,-99.2,134175.88978216605,788.6829512878115,0,1991
30,19.5,-99.2,137047.2538235044,804.4566103135678,0,1992
30,19.5,-99.2,139226.30515929812,820.5457425198392,0,1993
30,19.5,-99.2,141370.39025875131,836.956657370236,0,1994
30,19.5,-99.2,144438.12772736623,853.6957905176406,0,1995
30,19.5,-99.2,146835.80064764048,870.7697063279936,0,1996
30,19.5,-99.2,149376.0599988447,888.1851004545534,0,1997
30,19.5,-99.2,151960.26583682472,905.9488024636446,0,1998
30,19.5,-99.2,155576.92016374116,924.0677785129175,0,1999
30,19.5,-99.2,158066.15088636102,942.5491340831759,6409.3341117655955,2000
30,19.5,-99.2,161290.70036444278,961.4001167648394,0,2001
30,19.5,-99.2,164339.09460133073,980.6281191001364,0,2002
30,19.5,-99.2,167116.4253000932,1000.2406814821388,0,2003
30,19.5,-99.2,169957.4045301948,1020.2454951117818,0,2004
30,19.5,-99.2,172710.71448358396,1040.6504050140177,0,2005
30,19.5,-99.2,175681.33877270162,1061.463413114298,0,2006
30,19.5,-99.2,178544.94459469666,1082.692681376584,0,2007
30,19.5,-99.2,182830.02326496935,1104.3465350041158,0,2008
30,19.5,-99.2,185846.71864884137,1126.4334657041982,0,2009
30,19.5,-99.2,188950.358850277,1148.9621350182822,0,2010
30,19.5,-99.2,192597.10077608735,1171.9413777186478,0,2011
30,19.5,-99.2,196988.31467378215,1195.3802052730207,0,2012
30,19.5,-99.2,200218.92303443217,1219.2878093784814,0,2013
30,19.5,-99.2,204203.27960281735,1243.6735655660511,0,2014
30,19.5,-99.2,208021.88093139004,1268.547036877372,0,2015
30,19.5,-99.2,211828.68135243448,1293.9179776149194,0,2016
30,19.5,-99.2,215345.03746288488,1319.796337167218,0,2017
30,19.5,-99.2,219264.31714470935,1346.192263910562,0,2018
30,19.5,-99.2,222619.06119702343,1373.1161091887734,0,2019
30,19.5,-99.2,227828.34722903385,1400.5784313725487,12549.18274509804,2020
30,19.5,-99.2,232271,1428.59,0,2021
31,-0.3,-79.3,1093760.710083742,9454.522113397588,0,1985
31,-0.3,-79.3,1111589.0096581068,9643.612555665542,0,1986
31,-0.3,-79.3,1136043.9678705852,9836.484806778852,0,1987
31,-0.3,-79.3,1162059.3747348215,10033.214502914429,0,1988
31,-0.3,-79.3,1186114.003791832,10233.878792972717,0,1989
31,-0.3,-79.3,1206870.9988581892,10438.556368832173,0,1990
31,-0.3,-79.3,1226180.93483992,10647.327496208816,0,1991
31,-0.3,-79.3,1254873.5687151744,10860.274046132992,0,1992
31,-0.3,-79.3,1274324.1090302598,11077.479527055651,87955.18744482187,1993
31,-0.3,-79.3,1305927.34693421,11299.029117596763,0,1994
31,-0.3,-79.3,1333221.228485135,11525.0096999487,0,1995
31,-0.3,-79.3,1357752.4990892613,11755.509893947674,0,1996
31,-0.3,-79.3,1382463.594572686,11990.620091826628,0,1997
31,-0.3,-79.3,1408177.4174317378,12230.43249366316,0,1998
31,-0.3,-79.3,1441832.8577083563,12475.041143536424,0,1999
31,-0.3,-79.3,1471246.2480056067,12724.541966407154,0,2000
31,-0.3,-79.3,1497140.1819705055,12979.032805735296,0,2001
31,-0.3,-79.3,1534269.258483374,13238.613461850002,0,2002
31,-0.3,-79.3,1561118.9705068332,13503.385731087004,0,2003
31,-0.3,-79.3,1600146.9447695038,13773.453445708745,0,2004
31,-0.3,-79.3,1638070.4273605412,14048.922514622918,0,2005
31,-0.3,-79.3,1668374.7302667112,14329.900964915376,0,2006
31,-0.3,-79.3,1708916.2362121923,14616.498984213682,0,2007
31,-0.3,-79.3,1743265.4525600574,14908.828963897957,0,2008
31,-0.3,-79.3,1770983.3732557625,15207.005543175916,0,2009
31,-0.3,-79.3,1807111.4340701797,15511.145654039436,0,2010
31,-0.3,-79.3,1840181.573313664,15821.368567120226,124672.38430890738,2011
31,-0.3,-79.3,1877537.2592519312,16137.795938462628,0,2012
31,-0.3,-79.3,1914524.7432591943,16460.551857231883,0,2013
31,-0.3,-79.3,1944391.329254038,16789.76289437652,0,2014
31,-0.3,-79.3,1989890.0863585824,17125.55815226405,0,2015
31,-0.3,-79.3,2031876.767180749,17468.06931530933,0,2016
31,-0.3,-79.3,2069669.6750503108,17817.430701615518,0,2017
31,-0.3,-79.3,2107958.5640387414,18173.77931564783,0,2018
31,-0.3,-79.3,2147588.1850426695,18537.254901960787,0,2019
31,-0.3,-79.3,2185815.254736429,18908,0,2020
31,-0.3,-79.3,2226690,19286.16,0,2021
32,-9.3,-71.1,140219.7885433694,501.8757546361253,0,1985
32,-9.3,-71.1,143332.66784903218,511.91326972884787,0,1986
32,-9.3,-71.1,145941.32240388455,522.1515351234248,0,1987
32,-9.3,-71.1,149079.0608355681,532.5945658258933,0,1988
32,-9.3,-71.1,151404.69418460297,543.246457142411,0,1989
32,-9.3,-71.1,153963.43351632275,554.1113862852593,0,1990
32,-9.3,-71.1,156780.96434967144,565.1936140109644,0,1991
32,-9.3,-71.1,159524.6312257907,576.4974862911837,0,1992
32,-9.3,-71.1,162699.17138718395,588.0274360170074,0,1993
32,-9.3,-71.1,165286.08821224017,599.7879847373475,0,1994
32,-9.3,-71.1,169319.06876461883,611.7837444320945,0,1995
32,-9.3,-71.1,172282.15246799967,624.0194193207365,0,1996
32,-9.3,-71.1,175486.60050390445,636.4998077071511,0,1997
32,-9.3,-71.1,178785.74859337785,649.2298038612942,0,1998
32,-9.3,-71.1,181646.3205708719,662.21439993852,0,1999
32,-9.3,-71.1,184643.48486029127,675.4586879372905,0,2000
32,-9.3,-71.1,188003.99628474857,688.9678616960363,0,2001
32,-9.3,-71.1,190955.65902641913,702.747218929957,4785.708560913006,2002
32,-9.3,-71.1,194049.14070264713,716.802163308556,0,2003
32,-9.3,-71.1,197813.6940322785,731.1382065747271,0,2004
32,-9.3,-71.1,200899.58765918209,745.7609707062217,0,2005
32,-9.3,-71.1,205821.627556832,760.6761901203461,0,2006
32,-9.3,-71.1,209217.68441151973,775.889713922753,0,2007
32,-9.3,-71.1,214176.14353207275,791.407508201208,0,2008
32,-9.3,-71.1,217710.0499003519,807.2356583652322,0,2009
32,-9.3,-71.1,221824.76984346856,823.3803715325369,0,2010
32,-9.3,-71.1,226150.35285541625,839.8479789631875,0,2011
32,-9.3,-71.1,230266.2892773848,856.6449385424513,0,2012
32,-9.3,-71.1,235838.7334778975,873.7778373133003,0,2013
32,-9.3,-71.1,241569.6147014104,891.2533940595664,0,2014
32,-9.3,-71.1,245845.39688162535,909.078461940758,0,2015
32,-9.3,-71.1,251229.41107333297,927.2600311795729,0,2016
32,-9.3,-71.1,256957.44164580497,945.8052318031645,0,2017
32,-9.3,-71.1,262070.89473455647,964.7213364392277,0,2018
32,-9.3,-71.1,268360.59620818583,984.0157631680122,0,2019
32,-9.3,-71.1,273593.62783424545,1003.6960784313726,0,2020
32,-9.3,-71.1,279941,1023.77,9766.7658,2021
33,-15.7,-61.7,247670.85503332183,886.6224919585864,0,1985
33,-15.7,-61.7,253664.48972512825,904.354941797758,0,1986
33,-15.7,-61.7,259092.909805246,922.4420406337131,0,1987
33,-15.7,-61.7,264792.9538209614,940.8908814463873,0,1988
33,-15.7,-61.7,270274.16796505527,959.7086990753152,0,1989
33,-15.7,-61.7,276193.17224349,978.9028730568216,0,1990
33,-15.7,-61.7,281937.99022615456,998.4809305179582,7189.062699729299,1991
33,-15.7,-61.7,286364.4166727052,1018.4505491283172,0,1992
33,-15.7,-61.7,292549.88807283563,1038.8195601108837,0,1993
33,-15.7,-61.7,299073.75057685986,1059.5959513131013,0,1994
33,-15.7,-61.7,305324.3919639162,1080.7878703393633,0,1995
33,-15.7,-61.7,311278.2176072126,1102.4036277461505,0,1996
33,-15.7,-61.7,317877.3158204855,1124.4517003010735,10018.864649682566,1997
33,-15.7,-61.7,323185.8669946876,1146.940734307095,0,1998
33,-15.7,-61.7,330231.3188951718,1169.879548993237,0,1999
33,-15.7,-61.7,337859.6623616503,1193.2771399731016,0,2000
33,-15.7,-61.7,343028.9151957836,1217.1426827725638,0,2001
33,-15.7,-61.7,349409.25301842514,1241.4855364280152,0,2002
33,-15.7,-61.7,357305.90213664155,1266.3152471565754,0,2003
33,-15.7,-61.7,364273.3672283061,1291.641552099707,0,2004
33,-15.7,-61.7,371704.5439197635,1317.4743831417013,0,2005
33,-15.7,-61.7,378543.90752788715,1343.823870804535,0,2006
33,-15.7,-61.7,386266.203241456,1370.7003482206258,0,2007
33,-15.7,-61.7,393798.39420466445,1398.1143551850384,0,2008
33,-15.7,-61.7,402540.718556008,1426.076642288739,0,2009
33,-15.7,-61.7,411758.90101094055,1454.598175134514,0,2010
33,-15.7,-61.7,419788.1995806539,1483.6901386372042,0,2011
33,-15.7,-61.7,426630.7472338186,1513.3639414099482,0,2012
33,-15.7,-61.7,434651.40528181434,1543.6312202381473,0,2013
33,-15.7,-61.7,445039.5738680498,1574.5038446429105,0,2014
33,-15.7,-61.7,453361.81389938213,1605.9939215357688,0,2015
33,-15.7,-61.7,463335.77380516863,1638.113799966484,0,2016
33,-15.7,-61.7,474177.8309122096,1670.876075965814,0,2017
33,-15.7,-61.7,482144.0184715347,1704.29359748513,0,2018
33,-15.7,-61.7,491931.5420465069,1738.3794694348326,0,2019
33,-15.7,-61.7,499654.86725663714,1773.1470588235293,0,2020
33,-15.7,-61.7,508149,1808.61,0,2021
34,40.7,-73.9,461357.7560395645,2140.750573041745,0,1985
34,40.7,-73.9,469339.245219049,2183.5655845025804,0,1986
34,40.7,-73.9,477646.5498594261,2227.236896192632,0,1987
34,40.7,-73.9,487581.5980965022,2271.7816341164844,0,1988
34,40.7,-73.9,499527.3472498664,2317.2172667988143,0,1989
34,40.7,-73.9,510916.5707671633,2363.5616121347907,0,1990
34,40.7,-73.9,522412.19360942446,2410.8328443774863,0,1991
34,40.7,-73.9,533382.8496752223,2459.0495012650363,0,1992
34,40.7,-73.9,541650.2838451883,2508.2304912903364,0,1993
34,40.7,-73.9,550641.6785570184,2558.3951011161435,0,1994
34,40.7,-73.9,560332.972099622,2609.5630031384662,0,1995
34,40.7,-73.9,574117.1632132727,2661.7542632012355,0,1996
34,40.7,-73.9,582728.9206614719,2714.9893484652603,0,1997
34,40.7,-73.9,595548.9569160243,2769.289135434566,0,1998
34,40.7,-73.9,609901.6867777006,2824.6749181432574,0,1999
34,40.7,-73.9,624783.2879350764,2881.168416506123,0,2000
34,40.7,-73.9,635342.1255011791,2938.791784836246,0,2001
34,40.7,-73.9,645062.8600213472,2997.5676205329705,0,2002
34,40.7,-73.9,660931.4063778723,3057.5189729436306,22686.790779241735,2003
34,40.7,-73.9,673092.5442552252,3118.6693524025027,0,2004
34,40.7,-73.9,685477.4470695213,3181.0427394505523,0,2005
34,40.7,-73.9,700489.4031603439,3244.6635942395637,0,2006
34,40.7,-73.9,713308.3592381781,3309.556866124355,0,2007
34,40.7,-73.9,726575.8947200084,3375.748003446842,0,2008
34,40.7,-73.9,738201.1090355283,3443.2629635157787,0,2009
34,40.7,-73.9,749495.586003772,3512.1282227860947,31468.66887616341,2010
34,40.7,-73.9,767783.278302264,3582.3707872418163,0,2011
34,40.7,-73.9,779607.1407881189,3654.018202986653,0,2012
34,40.7,-73.9,798629.555023349,3727.0985670463865,0,2013
34,40.7,-73.9,816998.034788886,3801.6405383873134,0,2014
34,40.7,-73.9,829743.2041315926,3877.673349155061,0,2015
34,40.7,-73.9,847250.7857387693,3955.2268161381617,0,2016
34,40.7,-73.9,864195.8014535448,4034.331352460925,0,2017
34,40.7,-73.9,885541.4377494473,4115.017979510144,0,2018
34,40.7,-73.9,903075.1582168865,4197.318339100347,0,2019
34,40.7,-73.9,917795.2832958214,4281.264705882353,0,2020
34,40.7,-73.9,937895,4366.89,0,2021
35,44.3,-68,168737.12540806123,1496.8179538965453,0,1985
35,44.3,-68,172229.98390400808,1526.754312974476,8198.670660672937,1986
35,44.3,-68,175037.3326416434,1557.2893992339657,0,1987
35,44.3,-68,179010.6800926087,1588.4351872186448,0,1988
35,44.3,-68,182197.07019825713,1620.2038909630178,0,1989
35,44.3,-68,186588.0195900351,1652.6079687822782,0,1990
35,44.3,-68,190916.86164452395,1685.6601281579235,0,1991
35,44.3,-68,195021.5741698813,1719.3733307210823,0,1992
35,44.3,-68,199682.58979254143,1753.760797335504,0,1993
35,44.3,-68,203576.400293496,1788.8360132822145,0,1994
35,44.3,-68,208116.15402004097,1824.6127335478584,0,1995
35,44.3,-68,211591.69379217565,1861.104988218816,0,1996
35,44.3,-68,215992.8010230529,1898.327087983192,0,1997
35,44.3,-68,220355.85560371855,1936.2936297428555,0,1998
35,44.3,-68,225203.68442700035,1975.0195023377128,0,1999
35,44.3,-68,230270.76732660783,2014.5198923844673,0,2000
35,44.3,-68,234484.7223686847,2054.8102902321566,0,2001
35,44.3,-68,240276.49501119123,2095.9064960368,0,2002
35,44.3,-68,246139.2414894643,2137.8246259575362,0,2003
35,44.3,-68,251726.60227127513,2180.5811184766862,0,2004
35,44.3,-68,255754.2279076155,2224.19274084622,0,2005
35,44.3,-68,259769.56928576512,2268.676595663145,0,2006
35,44.3,-68,263692.0897819802,2314.0501275764077,17679.342974683754,2007
35,44.3,-68,269466.94654820557,2360.3311301279355,0,2008
35,44.3,-68,275314.3792883016,2407.5377527304945,0,2009
35,44.3,-68,281095.9812533559,2455.688507785105,0,2010
35,44.3,-68,287842.2848034365,2504.8022779408066,0,2011
35,44.3,-68,293167.36707230005,2554.898323499623,0,2012
35,44.3,-68,299411.8319909401,2605.9962899696156,0,2013
35,44.3,-68,306627.65714192175,2658.116215769008,0,2014
35,44.3,-68,311533.6996561925,2711.278540084388,0,2015
35,44.3,-68,317888.98712917883,2765.504110886076,0,2016
35,44.3,-68,324246.7668717624,2820.814193103797,0,2017
35,44.3,-68,330666.8528558233,2877.230476965873,0,2018
35,44.3,-68,338801.2574360765,2934.7750865051903,0,2019
35,44.3,-68,346153.2447224394,2993.4705882352946,0,2020
35,44.3,-68,354184,3053.34,0,2021
