SEASON_year,NATURE,SID,Storm_Count
1985,ET,1985197N29296,1
1985,ET,1985222N32280,1
1985,ET,1985224N18279,1
1985,ET,1985260N13336,1
1985,ET,1985280N15254,1
1985,ET,1985299N25270,1
1985,ET,1985320N21296,1
1985,SS,1985222N32280,1
1985,TS,1985157N16259,1
1985,TS,1985158N10267,1
1985,TS,1985159N09241,1
1985,TS,1985177N10258,1
1985,TS,1985178N10236,1
1985,TS,1985184N15258,1
1985,TS,1985189N12260,1
1985,TS,1985197N29296,1
1985,TS,1985199N18248,1
1985,TS,1985201N12256,1
1985,TS,1985202N13226,1
1985,TS,1985202N26275,1
1985,TS,1985210N14257,1
1985,TS,1985211N12237,1
1985,TS,1985219N14254,1
1985,TS,1985222N32280,1
1985,TS,1985224N18279,1
1985,TS,1985232N16248,1
1985,TS,1985234N13258,1
1985,TS,1985240N16256,1
1985,TS,1985240N20286,1
1985,TS,1985244N14254,1
1985,TS,1985249N13265,1
1985,TS,1985252N20333,1
1985,TS,1985255N12300,1
1985,TS,1985259N12262,1
1985,TS,1985259N24289,1
1985,TS,1985260N13336,1
1985,TS,1985261N13243,1
1985,TS,1985265N30286,1
1985,TS,1985280N15254,1
1985,TS,1985280N18291,1
1985,TS,1985298N12249,1
1985,TS,1985299N25270,1
1985,TS,1985320N21296,1
1985,TS,1985342N11283,1
1986,ET,1986226N30276,1
1986,ET,1986254N22309,1
1986,ET,1986289N10267,1
1986,NR,1986036S16187,1
1986,NR,1986209N12213,1
1986,NR,1986211N12219,1
1986,SS,1986156N26284,1
1986,SS,1986226N30276,1
1986,TS,1986036S16187,1
1986,TS,1986036S19216,1
1986,TS,1986142N13253,1
1986,TS,1986156N26284,1
1986,TS,1986169N09247,1
1986,TS,1986175N26273,1
1986,TS,1986176N11262,1
1986,TS,1986185N14256,1
1986,TS,1986198N10245,1
1986,TS,1986205N24305,1
1986,TS,1986206N11265,1
1986,TS,1986216N24267,1
1986,TS,1986226N30276,1
1986,TS,1986229N17256,1
1986,TS,1986232N15246,1
1986,TS,1986233N10263,1
1986,TS,1986241N18248,1
1986,TS,1986243N13326,1
1986,TS,1986245N18274,1
1986,TS,1986250N11308,1
1986,TS,1986254N22309,1
1986,TS,1986257N14230,1
1986,TS,1986259N13256,1
1986,TS,1986262N12266,1
1986,TS,1986264N12221,1
1986,TS,1986271N12267,1
1986,TS,1986289N10267,1
1986,TS,1986323N23297,1
1987,DS,1987220N34283,1
1987,ET,1987220N34283,1
1987,ET,1987249N15329,1
1987,ET,1987252N11342,1
1987,ET,1987263N10309,1
1987,ET,1987282N15277,1
1987,NR,1986360S13195,1
1987,NR,1987059S12196,1
1987,TS,1986360S13195,1
1987,TS,1987145N21292,1
1987,TS,1987159N12264,1
1987,TS,1987185N13244,1
1987,TS,1987187N13258,1
1987,TS,1987196N15258,1
1987,TS,1987203N11263,1
1987,TS,1987205N12229,1
1987,TS,1987209N12259,1
1987,TS,1987213N11268,1
1987,TS,1987216N10270,1
1987,TS,1987220N34283,1
1987,TS,1987222N26266,1
1987,TS,1987225N13313,1
1987,TS,1987226N13241,1
1987,TS,1987230N15340,1
1987,TS,1987238N10213,1
1987,TS,1987241N10241,1
1987,TS,1987242N13257,1
1987,TS,1987243N14328,1
1987,TS,1987249N13297,1
1987,TS,1987249N15329,1
1987,TS,1987250N29282,1
1987,TS,1987252N11342,1
1987,TS,1987253N11260,1
1987,TS,1987257N14306,1
1987,TS,1987258N15253,1
1987,TS,1987263N10241,1
1987,TS,1987263N10309,1
1987,TS,1987274N21249,1
1987,TS,1987279N12256,1
1987,TS,1987282N15277,1
1987,TS,1987300N10239,1
1987,TS,1987305N17283,1
1988,DS,1988234N13339,1
1988,DS,1988285N09318,1
1988,ET,1988219N32283,1
1988,ET,1988235N15317,1
1988,ET,1988253N12306,1
1988,ET,1988264N13328,1
1988,ET,1988323N15286,1
1988,NR,1988058S19198,1
1988,TS,1988058S19198,1
1988,TS,1988153N20275,1
1988,TS,1988168N13248,1
1988,TS,1988169N14259,1
1988,TS,1988173N12268,1
1988,TS,1988184N19251,1
1988,TS,1988191N13256,1
1988,TS,1988202N15248,1
1988,TS,1988210N14251,1
1988,TS,1988211N12239,1
1988,TS,1988211N15225,1
1988,TS,1988211N18230,1
1988,TS,1988213N11262,1
1988,TS,1988218N13264,1
1988,TS,1988219N32283,1
1988,TS,1988221N30270,1
1988,TS,1988226N25286,1
1988,TS,1988227N18250,1
1988,TS,1988230N18254,1
1988,TS,1988234N13299,1
1988,TS,1988234N13339,1
1988,TS,1988235N15317,1
1988,TS,1988240N15248,1
1988,TS,1988242N13262,1
1988,TS,1988245N20269,1
1988,TS,1988247N33300,1
1988,TS,1988248N28267,1
1988,TS,1988251N13343,1
1988,TS,1988251N23268,1
1988,TS,1988253N12306,1
1988,TS,1988257N16252,1
1988,TS,1988264N13328,1
1988,TS,1988265N12218,1
1988,TS,1988265N13263,1
1988,TS,1988272N12339,1
1988,TS,1988273N09315,1
1988,TS,1988285N09318,1
1988,TS,1988285N18251,1
1988,TS,1988294N13287,1
1988,TS,1988323N15286,1
1989,ET,1989176N27264,1
1989,ET,1989212N15318,1
1989,ET,1989238N17339,1
1989,ET,1989254N13340,1
1989,NR,1989052S27233,1
1989,NR,1989193N13220,1
1989,NR,1989195N10219,1
1989,NR,1989227N13261,1
1989,TS,1989052S27233,1
1989,TS,1989150N09257,1
1989,TS,1989165N11255,1
1989,TS,1989167N21266,1
1989,TS,1989169N13265,1
1989,TS,1989176N27264,1
1989,TS,1989190N08231,1
1989,TS,1989190N09240,1
1989,TS,1989190N13261,1
1989,TS,1989191N13322,1
1989,TS,1989196N14250,1
1989,TS,1989200N12236,1
1989,TS,1989205N13260,1
1989,TS,1989210N14259,1
1989,TS,1989212N15318,1
1989,TS,1989212N23270,1
1989,TS,1989221N16339,1
1989,TS,1989227N12236,1
1989,TS,1989227N13261,1
1989,TS,1989230N14338,1
1989,TS,1989234N16244,1
1989,TS,1989238N17339,1
1989,TS,1989238N22253,1
1989,TS,1989239N13312,1
1989,TS,1989240N14256,1
1989,TS,1989241N13265,1
1989,TS,1989243N12339,1
1989,TS,1989246N14263,1
1989,TS,1989252N11260,1
1989,TS,1989254N13340,1
1989,TS,1989260N11316,1
1989,TS,1989260N13264,1
1989,TS,1989268N14261,1
1989,TS,1989269N14267,1
1989,TS,1989275N12317,1
1989,TS,1989277N13257,1
1989,TS,1989286N19268,1
1989,TS,1989287N11259,1
1989,TS,1989289N16243,1
1989,TS,1989333N17276,1
1990,DS,1990224N09328,1
1990,ET,1990206N34285,1
1990,ET,1990215N38337,1
1990,ET,1990236N13314,1
1990,ET,1990247N07337,1
1990,ET,1990279N36316,1
1990,ET,1990283N23281,1
1990,NR,1990222N11219,1
1990,SS,1990206N34285,1
1990,SS,1990215N38337,1
1990,SS,1990279N36316,1
1990,TS,1990043S09206,1
1990,TS,1990133N09259,1
1990,TS,1990145N19276,1
1990,TS,1990154N11260,1
1990,TS,1990160N12250,1
1990,TS,1990170N13260,1
1990,TS,1990177N14257,1
1990,TS,1990181N10259,1
1990,TS,1990187N13258,1
1990,TS,1990191N10266,1
1990,TS,1990201N12254,1
1990,TS,1990202N10264,1
1990,TS,1990203N09318,1
1990,TS,1990205N13231,1
1990,TS,1990206N34285,1
1990,TS,1990212N10338,1
1990,TS,1990215N38337,1
1990,TS,1990216N13281,1
1990,TS,1990224N09328,1
1990,TS,1990229N11249,1
1990,TS,1990229N11261,1
1990,TS,1990234N14248,1
1990,TS,1990236N13314,1
1990,TS,1990236N14264,1
1990,TS,1990237N13325,1
1990,TS,1990247N07337,1
1990,TS,1990251N12238,1
1990,TS,1990253N12248,1
1990,TS,1990253N13258,1
1990,TS,1990262N15315,1
1990,TS,1990264N14328,1
1990,TS,1990267N13252,1
1990,TS,1990270N13261,1
1990,TS,1990272N10223,1
1990,TS,1990277N16301,1
1990,TS,1990279N36316,1
1990,TS,1990282N15250,1
1990,TS,1990283N23281,1
1990,TS,1990289N10261,1
1990,TS,1990289N22300,1
1990,TS,1990295N11261,1
1991,DS,1991181N26282,1
1991,ET,1991228N26286,1
1991,ET,1991248N27304,1
1991,ET,1991252N24311,1
1991,ET,1991268N12264,1
1991,ET,1991288N19274,1
1991,ET,1991299N27295,1
1991,ET,1991302N44301,1
1991,SS,1991299N27295,1
1991,SS,1991302N44301,1
1991,TS,1991136N11238,1
1991,TS,1991166N10257,1
1991,TS,1991168N11265,1
1991,TS,1991174N13259,1
1991,TS,1991180N13267,1
1991,TS,1991181N26282,1
1991,TS,1991187N23264,1
1991,TS,1991210N11253,1
1991,TS,1991216N12262,1
1991,TS,1991220N13258,1
1991,TS,1991228N26286,1
1991,TS,1991237N15337,1
1991,TS,1991241N11329,1
1991,TS,1991248N27304,1
1991,TS,1991250N10334,1
1991,TS,1991252N24311,1
1991,TS,1991256N17253,1
1991,TS,1991259N14258,1
1991,TS,1991264N10260,1
1991,TS,1991268N12264,1
1991,TS,1991277N13251,1
1991,TS,1991281N12265,1
1991,TS,1991288N19274,1
1991,TS,1991298N13318,1
1991,TS,1991299N27295,1
1991,TS,1991302N44301,1
1991,TS,1991311N10256,1
1992,ET,1992036S11212,1
1992,ET,1992262N34301,1
1992,ET,1992266N30327,1
1992,ET,1992271N26291,1
1992,ET,1992297N26299,1
1992,NR,1991348S23218,1
1992,NR,1992036S11212,1
1992,NR,1992088S23215,1
1992,NR,1992195N14254,1
1992,SS,1992113N24301,1
1992,TS,1991339S10203,1
1992,TS,1991348S23218,1
1992,TS,1992036S11212,1
1992,TS,1992084S10212,1
1992,TS,1992154N11258,1
1992,TS,1992169N14246,1
1992,TS,1992175N12269,1
1992,TS,1992175N16249,1
1992,TS,1992178N25275,1
1992,TS,1992185N13265,1
1992,TS,1992191N12252,1
1992,TS,1992195N14254,1
1992,TS,1992197N11266,1
1992,TS,1992207N29298,1
1992,TS,1992208N13246,1
1992,TS,1992210N14254,1
1992,TS,1992213N12256,1
1992,TS,1992223N15236,1
1992,TS,1992230N11325,1
1992,TS,1992231N19249,1
1992,TS,1992233N16254,1
1992,TS,1992241N11253,1
1992,TS,1992241N13237,1
1992,TS,1992247N10258,1
1992,TS,1992249N12229,1
1992,TS,1992255N19247,1
1992,TS,1992258N17249,1
1992,TS,1992262N10262,1
1992,TS,1992262N17252,1
1992,TS,1992262N34301,1
1992,TS,1992266N30327,1
1992,TS,1992267N33285,1
1992,TS,1992270N11325,1
1992,TS,1992271N26291,1
1992,TS,1992275N14260,1
1992,TS,1992281N11263,1
1992,TS,1992288N10253,1
1992,TS,1992290N11253,1
1992,TS,1992297N26299,1
1992,TS,1992300N13249,1
1993,ET,1993152N22276,1
1993,ET,1993235N20307,1
1993,ET,1993251N25293,1
1993,ET,1993262N27298,1
1993,NR,1993043S11193,1
1993,NR,1993196N11241,1
1993,TS,1993043S11193,1
1993,TS,1993152N22276,1
1993,TS,1993162N10245,1
1993,TS,1993169N13265,1
1993,TS,1993169N21268,1
1993,TS,1993178N14265,1
1993,TS,1993186N13262,1
1993,TS,1993196N11241,1
1993,TS,1993197N11247,1
1993,TS,1993217N10320,1
1993,TS,1993221N13256,1
1993,TS,1993227N14301,1
1993,TS,1993227N15258,1
1993,TS,1993229N13265,1
1993,TS,1993233N13260,1
1993,TS,1993235N20307,1
1993,TS,1993236N14329,1
1993,TS,1993241N14264,1
1993,TS,1993249N12253,1
1993,TS,1993251N25293,1
1993,TS,1993252N11265,1
1993,TS,1993258N11279,1
1993,TS,1993262N27298,1
1993,TS,1993273N11245,1
1993,TS,1993273N30297,1
1993,TS,1993276N13249,1
1993,TS,1993285N16239,1
1994,NR,1994249N21220,1
1994,SS,1994306N23313,1
1994,TS,1994169N13240,1
1994,TS,1994178N16248,1
1994,TS,1994180N12255,1
1994,TS,1994181N22276,1
1994,TS,1994190N13239,1
1994,TS,1994197N09229,1
1994,TS,1994200N13235,1
1994,TS,1994201N32281,1
1994,TS,1994202N11238,1
1994,TS,1994219N19252,1
1994,TS,1994221N15215,1
1994,TS,1994223N15253,1
1994,TS,1994224N16240,1
1994,TS,1994227N29273,1
1994,TS,1994229N11321,1
1994,TS,1994241N14236,1
1994,TS,1994242N20267,1
1994,TS,1994247N18251,1
1994,TS,1994253N13303,1
1994,TS,1994259N13244,1
1994,TS,1994262N16249,1
1994,TS,1994265N10330,1
1994,TS,1994265N13251,1
1994,TS,1994268N15232,1
1994,TS,1994268N16276,1
1994,TS,1994271N14339,1
1994,TS,1994272N20274,1
1994,TS,1994282N17247,1
1994,TS,1994306N23313,1
1994,TS,1994313N12278,1
1995,ET,1994364S11195,1
1995,ET,1995154N17276,1
1995,ET,1995193N17305,1
1995,ET,1995220N14329,1
1995,ET,1995235N13311,1
1995,ET,1995241N11333,1
1995,ET,1995256N12309,1
1995,ET,1995270N10322,1
1995,ET,1995271N19273,1
1995,ET,1995300N25301,1
1995,NR,1994364S11195,1
1995,TS,1995141N13256,1
1995,TS,1995154N17276,1
1995,TS,1995167N11254,1
1995,TS,1995186N32288,1
1995,TS,1995189N11257,1
1995,TS,1995193N17305,1
1995,TS,1995198N17252,1
1995,TS,1995206N13252,1
1995,TS,1995210N26273,1
1995,TS,1995212N22287,1
1995,TS,1995214N15249,1
1995,TS,1995218N20265,1
1995,TS,1995220N14329,1
1995,TS,1995220N15256,1
1995,TS,1995222N24265,1
1995,TS,1995233N15261,1
1995,TS,1995234N13327,1
1995,TS,1995235N13311,1
1995,TS,1995235N24281,1
1995,TS,1995239N15327,1
1995,TS,1995241N11333,1
1995,TS,1995244N16256,1
1995,TS,1995253N18318,1
1995,TS,1995256N12309,1
1995,TS,1995256N15253,1
1995,TS,1995260N15255,1
1995,TS,1995270N10322,1
1995,TS,1995271N19273,1
1995,TS,1995278N08329,1
1995,TS,1995281N14278,1
1995,TS,1995294N14306,1
1995,TS,1995300N25301,1
1996,DS,1996319N11283,1
1996,ET,1996170N27282,1
1996,ET,1996187N10326,1
1996,ET,1996233N12340,1
1996,ET,1996237N14339,1
1996,ET,1996248N15319,1
1996,ET,1996269N09337,1
1996,ET,1996279N23264,1
1996,ET,1996289N13280,1
1996,TS,1996134N11246,1
1996,TS,1996137N13251,1
1996,TS,1996170N27282,1
1996,TS,1996172N13261,1
1996,TS,1996179N13266,1
1996,TS,1996184N09271,1
1996,TS,1996187N10326,1
1996,TS,1996187N17251,1
1996,TS,1996207N12297,1
1996,TS,1996211N13270,1
1996,TS,1996232N17280,1
1996,TS,1996233N12340,1
1996,TS,1996237N14339,1
1996,TS,1996239N13337,1
1996,TS,1996244N13257,1
1996,TS,1996248N15319,1
1996,TS,1996254N14258,1
1996,TS,1996260N14217,1
1996,TS,1996269N09337,1
1996,TS,1996272N16250,1
1996,TS,1996274N13261,1
1996,TS,1996279N23264,1
1996,TS,1996286N17274,1
1996,TS,1996289N13280,1
1996,TS,1996312N13251,1
1996,TS,1996319N11283,1
1997,DS,1997152N29283,1
1997,ET,1997152N29283,1
1997,ET,1997182N32283,1
1997,ET,1997194N31286,1
1997,ET,1997198N27267,1
1997,ET,1997212N11265,1
1997,ET,1997229N19242,1
1997,ET,1997246N11316,1
1997,ET,1997278N24296,1
1997,ET,1997288N20291,1
1997,NR,1997009S16188,1
1997,SS,1997152N29283,1
1997,TS,1997152N10265,1
1997,TS,1997161N14266,1
1997,TS,1997173N14243,1
1997,TS,1997176N16252,1
1997,TS,1997181N14250,1
1997,TS,1997182N32283,1
1997,TS,1997187N13250,1
1997,TS,1997192N30290,1
1997,TS,1997193N09248,1
1997,TS,1997194N31286,1
1997,TS,1997196N10251,1
1997,TS,1997198N12309,1
1997,TS,1997198N27267,1
1997,TS,1997212N11265,1
1997,TS,1997222N11246,1
1997,TS,1997229N19242,1
1997,TS,1997238N11227,1
1997,TS,1997246N11316,1
1997,TS,1997247N18248,1
1997,TS,1997253N12255,1
1997,TS,1997256N14227,1
1997,TS,1997259N13258,1
1997,TS,1997270N11265,1
1997,TS,1997278N24296,1
1997,TS,1997279N12263,1
1997,TS,1997279N14221,1
1997,TS,1997288N20291,1
1997,TS,1997311N09258,1
1998,DS,1998295N12284,1
1998,ET,1998232N15312,1
1998,ET,1998236N13326,1
1998,ET,1998244N22267,1
1998,ET,1998262N13333,1
1998,ET,1998264N10343,1
1998,ET,1998267N33295,1
1998,ET,1998278N14314,1
1998,ET,1998295N12284,1
1998,ET,1998328N28332,1
1998,NR,1997302S08199,1
1998,NR,1997326S09203,1
1998,NR,1997336S09195,1
1998,NR,1998030S14208,1
1998,NR,1998120S16220,1
1998,TS,1997302S08199,1
1998,TS,1998030S13194,1
1998,TS,1998030S14208,1
1998,TS,1998120S16220,1
1998,TS,1998161N09261,1
1998,TS,1998169N12265,1
1998,TS,1998173N08266,1
1998,TS,1998197N13259,1
1998,TS,1998203N11253,1
1998,TS,1998209N11335,1
1998,TS,1998210N14263,1
1998,TS,1998216N09260,1
1998,TS,1998222N09257,1
1998,TS,1998228N13218,1
1998,TS,1998230N11267,1
1998,TS,1998232N15312,1
1998,TS,1998233N25268,1
1998,TS,1998236N13326,1
1998,TS,1998242N14252,1
1998,TS,1998244N22267,1
1998,TS,1998249N16256,1
1998,TS,1998252N26266,1
1998,TS,1998259N10335,1
1998,TS,1998261N27270,1
1998,TS,1998262N13333,1
1998,TS,1998264N10343,1
1998,TS,1998267N33295,1
1998,TS,1998274N19254,1
1998,TS,1998278N14314,1
1998,TS,1998283N13268,1
1998,TS,1998284N13243,1
1998,TS,1998288N11268,1
1998,TS,1998295N12284,1
1998,TS,1998328N28332,1
1999,DS,1999286N16278,1
1999,ET,1999236N22292,1
1999,ET,1999251N15314,1
1999,ET,1999255N13336,1
1999,ET,1999286N16278,1
1999,ET,1999291N10309,1
1999,NR,1998355S14187,1
1999,TS,1999163N27302,1
1999,TS,1999169N13264,1
1999,TS,1999184N20265,1
1999,TS,1999189N12263,1
1999,TS,1999193N16269,1
1999,TS,1999202N10241,1
1999,TS,1999205N11254,1
1999,TS,1999208N14234,1
1999,TS,1999218N12241,1
1999,TS,1999225N12247,1
1999,TS,1999228N10252,1
1999,TS,1999231N14341,1
1999,TS,1999231N20266,1
1999,TS,1999234N16251,1
1999,TS,1999236N12306,1
1999,TS,1999236N22292,1
1999,TS,1999248N17256,1
1999,TS,1999249N22264,1
1999,TS,1999251N15314,1
1999,TS,1999255N13336,1
1999,TS,1999260N15255,1
1999,TS,1999262N25272,1
1999,TS,1999277N20266,1
1999,TS,1999279N14315,1
1999,TS,1999281N16255,1
1999,TS,1999286N16278,1
1999,TS,1999291N10309,1
1999,TS,1999302N11279,1
1999,TS,1999318N17278,1
2000,DS,2000260N15308,1
2000,ET,2000217N11342,1
2000,ET,2000259N20273,1
2000,ET,2000266N12337,1
2000,ET,2000279N29279,1
2000,ET,2000290N30289,1
2000,ET,2000294N26300,1
2000,ET,2000299N22291,1
2000,NR,2000055S23227,1
2000,NR,2000064S19209,1
2000,NR,2000067S15189,1
2000,SS,2000255N31289,1
2000,SS,2000279N29279,1
2000,SS,2000290N30289,1
2000,SS,2000299N22291,1
2000,TS,2000055S23227,1
2000,TS,2000142N12262,1
2000,TS,2000160N21267,1
2000,TS,2000164N12256,1
2000,TS,2000170N10268,1
2000,TS,2000175N09340,1
2000,TS,2000187N12245,1
2000,TS,2000201N11224,1
2000,TS,2000203N17249,1
2000,TS,2000205N10260,1
2000,TS,2000206N11266,1
2000,TS,2000215N15254,1
2000,TS,2000217N11342,1
2000,TS,2000217N12260,1
2000,TS,2000222N28286,1
2000,TS,2000223N18257,1
2000,TS,2000226N16258,1
2000,TS,2000227N23267,1
2000,TS,2000231N14308,1
2000,TS,2000233N12316,1
2000,TS,2000241N15223,1
2000,TS,2000244N13229,1
2000,TS,2000246N15315,1
2000,TS,2000249N15258,1
2000,TS,2000253N28267,1
2000,TS,2000255N31289,1
2000,TS,2000259N20273,1
2000,TS,2000260N15308,1
2000,TS,2000260N19253,1
2000,TS,2000264N17257,1
2000,TS,2000266N12337,1
2000,TS,2000270N11330,1
2000,TS,2000273N16277,1
2000,TS,2000277N15257,1
2000,TS,2000279N29279,1
2000,TS,2000290N30289,1
2000,TS,2000294N26300,1
2000,TS,2000299N10252,1
2000,TS,2000309N10270,1
2001,DS,2001215N26275,1
2001,DS,2001227N13323,1
2001,DS,2001235N18296,1
2001,DS,2001245N13326,1
2001,DS,2001251N14332,1
2001,ET,2001157N28265,1
2001,ET,2001235N18296,1
2001,ET,2001245N13326,1
2001,ET,2001255N26276,1
2001,ET,2001284N28297,1
2001,ET,2001303N13276,1
2001,ET,2001308N34310,1
2001,ET,2001327N31309,1
2001,NR,2001049S17198,1
2001,NR,2001060S19223,1
2001,SS,2001157N28265,1
2001,SS,2001284N28297,1
2001,SS,2001308N34310,1
2001,SS,2001327N31309,1
2001,TS,2001060S19223,1
2001,TS,2001146N14259,1
2001,TS,2001157N28265,1
2001,TS,2001171N12234,1
2001,TS,2001193N11318,1
2001,TS,2001194N15252,1
2001,TS,2001202N11266,1
2001,TS,2001202N14243,1
2001,TS,2001215N26275,1
2001,TS,2001227N13323,1
2001,TS,2001235N17225,1
2001,TS,2001235N18296,1
2001,TS,2001238N19252,1
2001,TS,2001245N13326,1
2001,TS,2001247N15237,1
2001,TS,2001248N17251,1
2001,TS,2001251N14332,1
2001,TS,2001253N13213,1
2001,TS,2001254N15261,1
2001,TS,2001255N26276,1
2001,TS,2001263N13278,1
2001,TS,2001264N13269,1
2001,TS,2001265N16244,1
2001,TS,2001265N25296,1
2001,TS,2001266N10217,1
2001,TS,2001275N12258,1
2001,TS,2001276N14240,1
2001,TS,2001278N12302,1
2001,TS,2001280N11309,1
2001,TS,2001284N14261,1
2001,TS,2001284N28297,1
2001,TS,2001294N11235,1
2001,TS,2001301N27325,1
2001,TS,2001303N13276,1
2001,TS,2001304N12237,1
2001,TS,2001308N34310,1
2001,TS,2001327N31309,1
2002,DS,2002160N16258,1
2002,DS,2002202N13254,1
2002,DS,2002204N12263,1
2002,DS,2002234N13253,1
2002,DS,2002242N10329,1
2002,DS,2002242N14257,1
2002,DS,2002249N19253,1
2002,DS,2002249N28266,1
2002,DS,2002258N10300,1
2002,DS,2002258N15256,1
2002,DS,2002265N10315,1
2002,DS,2002318N15250,1
2002,ET,2002196N34283,1
2002,ET,2002252N29289,1
2002,ET,2002258N10300,1
2002,ET,2002261N33308,1
2002,SS,2002252N29289,1
2002,SS,2002264N28308,1
2002,TS,2002145N11259,1
2002,TS,2002160N16258,1
2002,TS,2002179N12238,1
2002,TS,2002191N12260,1
2002,TS,2002196N34283,1
2002,TS,2002202N13254,1
2002,TS,2002204N12263,1
2002,TS,2002217N29272,1
2002,TS,2002218N13241,1
2002,TS,2002218N32283,1
2002,TS,2002234N11221,1
2002,TS,2002234N13253,1
2002,TS,2002238N15250,1
2002,TS,2002242N10329,1
2002,TS,2002242N14257,1
2002,TS,2002245N29281,1
2002,TS,2002249N19253,1
2002,TS,2002249N28266,1
2002,TS,2002251N24313,1
2002,TS,2002252N29289,1
2002,TS,2002255N26273,1
2002,TS,2002258N10300,1
2002,TS,2002258N15256,1
2002,TS,2002261N33308,1
2002,TS,2002264N28308,1
2002,TS,2002265N10315,1
2002,TS,2002268N15258,1
2002,TS,2002288N17277,1
2002,TS,2002295N11261,1
2002,TS,2002296N11230,1
2002,TS,2002318N15250,1
2003,DS,2003140N10258,1
2003,DS,2003168N16257,1
2003,DS,2003177N14263,1
2003,DS,2003179N20271,1
2003,DS,2003187N14244,1
2003,DS,2003188N11307,1
2003,DS,2003192N14254,1
2003,DS,2003198N31306,1
2003,DS,2003199N14255,1
2003,DS,2003219N16244,1
2003,DS,2003247N19249,1
2003,DS,2003257N15252,1
2003,DS,2003262N17254,1
2003,DS,2003271N18275,1
2003,DS,2003286N09323,1
2003,DS,2003294N10260,1
2003,ET,2003108N29294,1
2003,ET,2003179N20271,1
2003,ET,2003240N15329,1
2003,ET,2003247N27272,1
2003,ET,2003249N14329,1
2003,ET,2003269N12322,1
2003,ET,2003271N18275,1
2003,ET,2003286N09323,1
2003,ET,2003339N13284,1
2003,ET,2003342N28326,1
2003,NR,2002335S13182,1
2003,SS,2003108N29294,1
2003,SS,2003342N28326,1
2003,TS,2003108N29294,1
2003,TS,2003140N10258,1
2003,TS,2003162N10319,1
2003,TS,2003168N16257,1
2003,TS,2003177N14263,1
2003,TS,2003179N20271,1
2003,TS,2003187N14244,1
2003,TS,2003188N11307,1
2003,TS,2003192N14254,1
2003,TS,2003198N31306,1
2003,TS,2003199N14255,1
2003,TS,2003201N12317,1
2003,TS,2003207N29280,1
2003,TS,2003219N16244,1
2003,TS,2003221N14249,1
2003,TS,2003223N13224,1
2003,TS,2003227N26277,1
2003,TS,2003234N15295,1
2003,TS,2003235N20253,1
2003,TS,2003240N15329,1
2003,TS,2003243N24268,1
2003,TS,2003247N19249,1
2003,TS,2003247N27272,1
2003,TS,2003249N14329,1
2003,TS,2003251N12338,1
2003,TS,2003257N15252,1
2003,TS,2003262N17254,1
2003,TS,2003268N28298,1
2003,TS,2003269N12322,1
2003,TS,2003271N18275,1
2003,TS,2003275N16252,1
2003,TS,2003276N12262,1
2003,TS,2003284N19291,1
2003,TS,2003286N09323,1
2003,TS,2003294N10260,1
2003,TS,2003339N13284,1
2003,TS,2003342N28326,1
2004,DS,2004143N15252,1
2004,DS,2004185N16241,1
2004,DS,2004195N15255,1
2004,DS,2004201N14247,1
2004,DS,2004217N13306,1
2004,DS,2004227N12338,1
2004,DS,2004236N17250,1
2004,DS,2004237N17236,1
2004,DS,2004240N15254,1
2004,DS,2004244N12257,1
2004,DS,2004247N10332,1
2004,DS,2004252N15250,1
2004,DS,2004252N32320,1
2004,DS,2004255N11267,1
2004,DS,2004279N14249,1
2004,DS,2004331N28320,1
2004,ET,2004214N30282,1
2004,ET,2004223N11301,1
2004,ET,2004238N11325,1
2004,ET,2004241N29295,1
2004,ET,2004241N32282,1
2004,ET,2004247N10332,1
2004,ET,2004258N16300,1
2004,ET,2004260N11331,1
2004,ET,2004264N13328,1
2004,ET,2004283N24265,1
2004,ET,2004284N30295,1
2004,ET,2004331N28320,1
2004,SS,2004086S29318,1
2004,SS,2004284N30295,1
2004,SS,2004331N28320,1
2004,TS,2004086S29318,1
2004,TS,2004143N15252,1
2004,TS,2004185N16241,1
2004,TS,2004195N15255,1
2004,TS,2004201N14247,1
2004,TS,2004209N12247,1
2004,TS,2004214N12234,1
2004,TS,2004214N30282,1
2004,TS,2004217N13306,1
2004,TS,2004223N11301,1
2004,TS,2004227N09314,1
2004,TS,2004227N12338,1
2004,TS,2004232N12228,1
2004,TS,2004236N17250,1
2004,TS,2004237N17236,1
2004,TS,2004238N11325,1
2004,TS,2004240N15254,1
2004,TS,2004241N29295,1
2004,TS,2004241N32282,1
2004,TS,2004244N12257,1
2004,TS,2004247N10332,1
2004,TS,2004252N15250,1
2004,TS,2004252N32320,1
2004,TS,2004255N11267,1
2004,TS,2004258N16300,1
2004,TS,2004260N11331,1
2004,TS,2004264N13328,1
2004,TS,2004279N14249,1
2004,TS,2004283N24265,1
2004,TS,2004286N14263,1
2004,TS,2004299N18251,1
2004,TS,2004331N28320,1
2005,DS,2005160N17276,1
2005,DS,2005173N14258,1
2005,DS,2005177N13263,1
2005,DS,2005185N15261,1
2005,DS,2005186N12299,1
2005,DS,2005199N15256,1
2005,DS,2005205N19267,1
2005,DS,2005215N28291,1
2005,DS,2005222N14246,1
2005,DS,2005226N13316,1
2005,DS,2005232N13263,1
2005,DS,2005238N17255,1
2005,DS,2005241N14315,1
2005,DS,2005261N13306,1
2005,DS,2005261N21290,1
2005,DS,2005266N15252,1
2005,DS,2005271N17255,1
2005,DS,2005277N34328,1
2005,DS,2005278N27280,1
2005,DS,2005281N26303,1
2005,DS,2005288N11259,1
2005,DS,2005318N13298,1
2005,DS,2005333N32311,1
2005,DS,2005364N24324,1
2005,ET,2005160N17276,1
2005,ET,2005185N18273,1
2005,ET,2005203N25285,1
2005,ET,2005215N28291,1
2005,ET,2005236N23285,1
2005,ET,2005245N19315,1
2005,ET,2005249N26281,1
2005,ET,2005249N28293,1
2005,ET,2005277N34328,1
2005,ET,2005281N26303,1
2005,ET,2005289N18282,1
2005,ET,2005324N27312,1
2005,NR,2004357S16216,1
2005,NR,2005032S14195,1
2005,NR,2005041S13181,1
2005,NR,2005215N14224,1
2005,NR,2005261N14252,1
2005,SS,2005277N34328,1
2005,SS,2005281N26303,1
2005,SS,2005281N33339,1
2005,SS,2005324N27312,1
2005,TS,2005138N10265,1
2005,TS,2005160N17276,1
2005,TS,2005173N14258,1
2005,TS,2005177N13263,1
2005,TS,2005180N20265,1
2005,TS,2005185N15261,1
2005,TS,2005185N18273,1
2005,TS,2005186N12299,1
2005,TS,2005192N11318,1
2005,TS,2005199N15256,1
2005,TS,2005203N25285,1
2005,TS,2005205N19267,1
2005,TS,2005215N14224,1
2005,TS,2005215N28291,1
2005,TS,2005217N13327,1
2005,TS,2005222N14246,1
2005,TS,2005223N13251,1
2005,TS,2005226N13316,1
2005,TS,2005232N13263,1
2005,TS,2005235N19266,1
2005,TS,2005236N23285,1
2005,TS,2005238N17255,1
2005,TS,2005241N14315,1
2005,TS,2005245N19315,1
2005,TS,2005249N26281,1
2005,TS,2005249N28293,1
2005,TS,2005255N15246,1
2005,TS,2005258N12242,1
2005,TS,2005261N13245,1
2005,TS,2005261N13306,1
2005,TS,2005261N14252,1
2005,TS,2005261N21290,1
2005,TS,2005266N15252,1
2005,TS,2005271N17255,1
2005,TS,2005274N12327,1
2005,TS,2005275N19274,1
2005,TS,2005278N27280,1
2005,TS,2005281N33339,1
2005,TS,2005288N11259,1
2005,TS,2005289N18282,1
2005,TS,2005296N16293,1
2005,TS,2005300N10279,1
2005,TS,2005318N13298,1
2005,TS,2005324N27312,1
2005,TS,2005333N32311,1
2005,TS,2005364N24324,1
2006,DS,2006147N15259,1
2006,DS,2006192N13250,1
2006,DS,2006193N13258,1
2006,DS,2006198N12252,1
2006,DS,2006198N37291,1
2006,DS,2006203N12257,1
2006,DS,2006213N13256,1
2006,DS,2006213N14239,1
2006,DS,2006213N16302,1
2006,DS,2006228N13247,1
2006,DS,2006234N12258,1
2006,DS,2006234N12338,1
2006,DS,2006242N16246,1
2006,DS,2006259N17245,1
2006,DS,2006282N14243,1
2006,DS,2006283N13232,1
2006,DS,2006294N16254,1
2006,DS,2006300N17256,1
2006,ET,2006161N20275,1
2006,ET,2006198N37291,1
2006,ET,2006200N32287,1
2006,ET,2006237N13298,1
2006,ET,2006247N14321,1
2006,ET,2006254N20306,1
2006,ET,2006256N12338,1
2006,ET,2006271N26307,1
2006,NR,2006258N11215,1
2006,TS,2006147N15259,1
2006,TS,2006155N16257,1
2006,TS,2006161N20275,1
2006,TS,2006192N13250,1
2006,TS,2006193N13258,1
2006,TS,2006198N12252,1
2006,TS,2006198N37291,1
2006,TS,2006200N32287,1
2006,TS,2006203N12257,1
2006,TS,2006213N13256,1
2006,TS,2006213N14239,1
2006,TS,2006213N16302,1
2006,TS,2006228N13247,1
2006,TS,2006234N12258,1
2006,TS,2006234N12338,1
2006,TS,2006237N13298,1
2006,TS,2006240N12265,1
2006,TS,2006242N16246,1
2006,TS,2006247N14321,1
2006,TS,2006254N20306,1
2006,TS,2006256N12338,1
2006,TS,2006257N16259,1
2006,TS,2006259N17245,1
2006,TS,2006271N26307,1
2006,TS,2006282N14243,1
2006,TS,2006283N13232,1
2006,TS,2006294N16254,1
2006,TS,2006300N17256,1
2006,TS,2006312N13256,1
2006,TS,2006315N13248,1
2006,TS,2006318N12256,1
2007,DS,2007127N36286,1
2007,DS,2007147N13249,1
2007,DS,2007151N18273,1
2007,DS,2007163N15250,1
2007,DS,2007191N17241,1
2007,DS,2007196N15246,1
2007,DS,2007203N13255,1
2007,DS,2007227N24269,1
2007,DS,2007242N19251,1
2007,DS,2007244N12303,1
2007,DS,2007255N13316,1
2007,DS,2007255N27265,1
2007,DS,2007261N13254,1
2007,DS,2007262N16233,1
2007,DS,2007265N29275,1
2007,DS,2007268N10324,1
2007,DS,2007271N14334,1
2007,DS,2007272N15251,1
2007,DS,2007285N30307,1
2007,DS,2007288N15251,1
2007,DS,2007297N18300,1
2007,DS,2007345N18298,1
2007,ET,2007127N36286,1
2007,ET,2007151N18273,1
2007,ET,2007212N36294,1
2007,ET,2007285N30307,1
2007,ET,2007297N18300,1
2007,NR,2007021S12183,1
2007,NR,2007021S12195,1
2007,SS,2007127N36286,1
2007,SS,2007251N30288,1
2007,SS,2007265N29275,1
2007,SS,2007266N36314,1
2007,SS,2007345N18298,1
2007,TS,2007021S12183,1
2007,TS,2007147N13249,1
2007,TS,2007150N14263,1
2007,TS,2007151N18273,1
2007,TS,2007163N15250,1
2007,TS,2007191N17241,1
2007,TS,2007196N11234,1
2007,TS,2007196N15246,1
2007,TS,2007203N13255,1
2007,TS,2007212N36294,1
2007,TS,2007213N13238,1
2007,TS,2007221N13234,1
2007,TS,2007225N12331,1
2007,TS,2007227N24269,1
2007,TS,2007242N13264,1
2007,TS,2007242N19251,1
2007,TS,2007244N12303,1
2007,TS,2007251N30288,1
2007,TS,2007255N13316,1
2007,TS,2007255N27265,1
2007,TS,2007261N13254,1
2007,TS,2007262N16233,1
2007,TS,2007265N29275,1
2007,TS,2007266N36314,1
2007,TS,2007268N10324,1
2007,TS,2007269N22265,1
2007,TS,2007271N14334,1
2007,TS,2007272N15251,1
2007,TS,2007285N30307,1
2007,TS,2007288N15251,1
2007,TS,2007297N18300,1
2007,TS,2007345N18298,1
2008,DS,2008152N18273,1
2008,DS,2008179N12252,1
2008,DS,2008180N14238,1
2008,DS,2008184N15254,1
2008,DS,2008194N11266,1
2008,DS,2008198N10265,1
2008,DS,2008203N18276,1
2008,DS,2008204N13260,1
2008,DS,2008217N28273,1
2008,DS,2008220N12250,1
2008,DS,2008227N16255,1
2008,DS,2008237N18253,1
2008,DS,2008246N12338,1
2008,DS,2008246N19250,1
2008,DS,2008270N39325,1
2008,DS,2008275N16245,1
2008,DS,2008283N12271,1
2008,DS,2008286N16323,1
2008,DS,2008287N15291,1
2008,DS,2008289N15277,1
2008,DS,2008297N12255,1
2008,DS,2008311N14278,1
2008,ET,2008185N13337,1
2008,ET,2008229N18293,1
2008,ET,2008238N13293,1
2008,ET,2008241N19303,1
2008,ET,2008245N17323,1
2008,ET,2008269N21290,1
2008,ET,2008270N39325,1
2008,SS,2008270N39325,1
2008,TS,2008150N10274,1
2008,TS,2008152N18273,1
2008,TS,2008179N12252,1
2008,TS,2008180N14238,1
2008,TS,2008184N15254,1
2008,TS,2008185N13337,1
2008,TS,2008188N14260,1
2008,TS,2008194N11266,1
2008,TS,2008198N10265,1
2008,TS,2008201N32280,1
2008,TS,2008203N18276,1
2008,TS,2008204N13260,1
2008,TS,2008217N28273,1
2008,TS,2008220N12250,1
2008,TS,2008227N16255,1
2008,TS,2008229N18293,1
2008,TS,2008237N18253,1
2008,TS,2008238N13293,1
2008,TS,2008241N19303,1
2008,TS,2008245N17323,1
2008,TS,2008246N12338,1
2008,TS,2008246N19250,1
2008,TS,2008251N15256,1
2008,TS,2008269N21290,1
2008,TS,2008270N39325,1
2008,TS,2008275N16245,1
2008,TS,2008278N13261,1
2008,TS,2008280N18268,1
2008,TS,2008283N12271,1
2008,TS,2008286N16323,1
2008,TS,2008287N15291,1
2008,TS,2008289N15277,1
2008,TS,2008297N12255,1
2008,TS,2008308N08252,1
2008,TS,2008311N14278,1
2009,DS,2009147N31285,1
2009,DS,2009167N14257,1
2009,DS,2009185N13260,1
2009,DS,2009194N11257,1
2009,DS,2009215N13252,1
2009,DS,2009220N12246,1
2009,DS,2009222N09262,1
2009,DS,2009222N14336,1
2009,DS,2009233N13230,1
2009,DS,2009235N14252,1
2009,DS,2009239N10253,1
2009,DS,2009239N12270,1
2009,DS,2009245N17303,1
2009,DS,2009246N12250,1
2009,DS,2009251N12336,1
2009,DS,2009257N14256,1
2009,DS,2009264N13252,1
2009,DS,2009268N15331,1
2009,DS,2009271N15257,1
2009,DS,2009271N46317,1
2009,DS,2009279N15311,1
2009,DS,2009282N16252,1
2009,ET,2009227N12328,1
2009,ET,2009271N46317,1
2009,ET,2009308N11279,1
2009,MX,2009194N11257,1
2009,MX,2009220N12246,1
2009,MX,2009235N14252,1
2009,MX,2009239N10253,1
2009,MX,2009246N12250,1
2009,MX,2009257N14256,1
2009,MX,2009264N13252,1
2009,MX,2009271N15257,1
2009,MX,2009282N16252,1
2009,TS,2009147N31285,1
2009,TS,2009167N14257,1
2009,TS,2009171N15264,1
2009,TS,2009185N13260,1
2009,TS,2009190N09254,1
2009,TS,2009194N11257,1
2009,TS,2009210N11231,1
2009,TS,2009215N10242,1
2009,TS,2009215N13252,1
2009,TS,2009220N12246,1
2009,TS,2009222N09262,1
2009,TS,2009222N14336,1
2009,TS,2009227N12328,1
2009,TS,2009228N27277,1
2009,TS,2009233N13230,1
2009,TS,2009235N14252,1
2009,TS,2009238N24290,1
2009,TS,2009239N10253,1
2009,TS,2009239N12270,1
2009,TS,2009245N17303,1
2009,TS,2009246N12250,1
2009,TS,2009251N12336,1
2009,TS,2009257N14256,1
2009,TS,2009264N13252,1
2009,TS,2009268N15331,1
2009,TS,2009271N15257,1
2009,TS,2009271N46317,1
2009,TS,2009279N15311,1
2009,TS,2009282N16252,1
2009,TS,2009288N07267,1
2009,TS,2009308N11279,1
2010,DS,2010067S25317,1
2010,DS,2010149N13266,1
2010,DS,2010166N15255,1
2010,DS,2010169N13266,1
2010,DS,2010172N08272,1
2010,DS,2010176N16278,1
2010,DS,2010188N21269,1
2010,DS,2010195N14257,1
2010,DS,2010203N22286,1
2010,DS,2010217N15265,1
2010,DS,2010222N26277,1
2010,DS,2010232N18253,1
2010,DS,2010234N11329,1
2010,DS,2010234N14267,1
2010,DS,2010236N12341,1
2010,DS,2010242N14318,1
2010,DS,2010244N12328,1
2010,DS,2010246N19251,1
2010,DS,2010247N15266,1
2010,DS,2010255N13340,1
2010,DS,2010257N16282,1
2010,DS,2010263N15328,1
2010,DS,2010267N14285,1
2010,DS,2010271N19276,1
2010,DS,2010279N22293,1
2010,DS,2010284N14278,1
2010,DS,2010293N17277,1
2010,ET,2010234N11329,1
2010,ET,2010236N12341,1
2010,ET,2010251N14337,1
2010,ET,2010271N19276,1
2010,ET,2010279N22293,1
2010,ET,2010302N09306,1
2010,ET,2010302N26299,1
2010,NR,2010069S12188,1
2010,NR,2010215N13319,1
2010,SS,2010279N22293,1
2010,TS,2010149N13266,1
2010,TS,2010166N15255,1
2010,TS,2010167N15265,1
2010,TS,2010169N13266,1
2010,TS,2010172N08272,1
2010,TS,2010176N16278,1
2010,TS,2010188N21269,1
2010,TS,2010195N14257,1
2010,TS,2010203N22286,1
2010,TS,2010215N13319,1
2010,TS,2010217N15265,1
2010,TS,2010222N26277,1
2010,TS,2010232N18253,1
2010,TS,2010234N11329,1
2010,TS,2010234N14267,1
2010,TS,2010236N12341,1
2010,TS,2010242N14318,1
2010,TS,2010244N12328,1
2010,TS,2010246N19251,1
2010,TS,2010247N15266,1
2010,TS,2010251N14337,1
2010,TS,2010255N13340,1
2010,TS,2010257N16282,1
2010,TS,2010263N15328,1
2010,TS,2010264N20252,1
2010,TS,2010267N14285,1
2010,TS,2010271N19276,1
2010,TS,2010279N22293,1
2010,TS,2010284N14278,1
2010,TS,2010293N17277,1
2010,TS,2010302N09306,1
2010,TS,2010302N26299,1
2011,DS,2011069S20321,1
2011,DS,2011158N11260,1
2011,DS,2011170N12263,1
2011,DS,2011179N20267,1
2011,DS,2011188N14261,1
2011,DS,2011197N31280,1
2011,DS,2011199N10271,1
2011,DS,2011201N33301,1
2011,DS,2011208N22274,1
2011,DS,2011212N10264,1
2011,DS,2011214N15299,1
2011,DS,2011225N26302,1
2011,DS,2011225N35294,1
2011,DS,2011227N12234,1
2011,DS,2011229N14261,1
2011,DS,2011237N12331,1
2011,DS,2011239N27301,1
2011,DS,2011240N10341,1
2011,DS,2011243N17259,1
2011,DS,2011244N37296,1
2011,DS,2011250N20266,1
2011,DS,2011263N12323,1
2011,DS,2011264N13264,1
2011,DS,2011266N08343,1
2011,DS,2011278N12248,1
2011,DS,2011279N10257,1
2011,DS,2011280N10268,1
2011,DS,2011295N13279,1
2011,DS,2011310N29290,1
2011,DS,2011323N09264,1
2011,ET,2011225N35294,1
2011,ET,2011233N15301,1
2011,ET,2011240N10341,1
2011,ET,2011244N37296,1
2011,ET,2011245N27269,1
2011,ET,2011263N12323,1
2011,ET,2011266N08343,1
2011,ET,2011310N29290,1
2011,NR,2011250N12324,1
2011,NR,2011263N12323,1
2011,SS,2011245N27269,1
2011,SS,2011310N29290,1
2011,TS,2011158N11260,1
2011,TS,2011170N12263,1
2011,TS,2011179N20267,1
2011,TS,2011188N14261,1
2011,TS,2011197N31280,1
2011,TS,2011199N10271,1
2011,TS,2011201N33301,1
2011,TS,2011208N22274,1
2011,TS,2011212N10264,1
2011,TS,2011214N15299,1
2011,TS,2011225N26302,1
2011,TS,2011225N35294,1
2011,TS,2011227N12234,1
2011,TS,2011229N14261,1
2011,TS,2011231N15278,1
2011,TS,2011233N15301,1
2011,TS,2011237N12331,1
2011,TS,2011239N27301,1
2011,TS,2011240N10341,1
2011,TS,2011243N17259,1
2011,TS,2011244N37296,1
2011,TS,2011245N27269,1
2011,TS,2011250N12324,1
2011,TS,2011250N20266,1
2011,TS,2011263N12323,1
2011,TS,2011264N13264,1
2011,TS,2011266N08343,1
2011,TS,2011278N12248,1
2011,TS,2011279N10257,1
2011,TS,2011280N10268,1
2011,TS,2011295N13279,1
2011,TS,2011310N29290,1
2011,TS,2011323N09264,1
2012,DS,2012135N10255,1
2012,DS,2012140N33283,1
2012,DS,2012142N09262,1
2012,DS,2012147N30284,1
2012,DS,2012166N09269,1
2012,DS,2012169N29291,1
2012,DS,2012186N12255,1
2012,DS,2012189N10262,1
2012,DS,2012193N12259,1
2012,DS,2012216N12337,1
2012,DS,2012219N12254,1
2012,DS,2012223N14317,1
2012,DS,2012225N18255,1
2012,DS,2012229N28305,1
2012,DS,2012234N16315,1
2012,DS,2012235N11328,1
2012,DS,2012239N11261,1
2012,DS,2012242N13333,1
2012,DS,2012246N29323,1
2012,DS,2012247N18252,1
2012,DS,2012255N16322,1
2012,DS,2012256N15257,1
2012,DS,2012260N13237,1
2012,DS,2012266N14254,1
2012,DS,2012272N22251,1
2012,DS,2012277N12322,1
2012,DS,2012281N14242,1
2012,DS,2012285N26288,1
2012,DS,2012288N14248,1
2012,DS,2012296N14283,1
2012,DS,2012296N20309,1
2012,DS,2012304N14246,1
2012,ET,2012147N30284,1
2012,ET,2012169N29291,1
2012,ET,2012242N13333,1
2012,ET,2012242N24317,1
2012,ET,2012287N15297,1
2012,ET,2012296N14283,1
2012,ET,2012296N20309,1
2012,SS,2012147N30284,1
2012,SS,2012169N29291,1
2012,TS,2012135N10255,1
2012,TS,2012140N33283,1
2012,TS,2012142N09262,1
2012,TS,2012147N30284,1
2012,TS,2012166N09269,1
2012,TS,2012169N29291,1
2012,TS,2012176N26272,1
2012,TS,2012186N12255,1
2012,TS,2012189N10262,1
2012,TS,2012193N12259,1
2012,TS,2012215N12313,1
2012,TS,2012216N12337,1
2012,TS,2012219N12254,1
2012,TS,2012223N14317,1
2012,TS,2012225N18255,1
2012,TS,2012229N28305,1
2012,TS,2012234N16315,1
2012,TS,2012235N11328,1
2012,TS,2012239N11261,1
2012,TS,2012242N13333,1
2012,TS,2012242N24317,1
2012,TS,2012246N29323,1
2012,TS,2012247N18252,1
2012,TS,2012255N16322,1
2012,TS,2012256N15257,1
2012,TS,2012260N13237,1
2012,TS,2012266N14254,1
2012,TS,2012272N22251,1
2012,TS,2012277N12322,1
2012,TS,2012281N14242,1
2012,TS,2012285N26288,1
2012,TS,2012287N15297,1
2012,TS,2012288N14248,1
2012,TS,2012296N14283,1
2012,TS,2012296N20309,1
2012,TS,2012304N14246,1
2013,DS,2013134N07265,1
2013,DS,2013149N14264,1
2013,DS,2013167N12279,1
2013,DS,2013175N12256,1
2013,DS,2013180N11256,1
2013,DS,2013186N13262,1
2013,DS,2013204N11340,1
2013,DS,2013211N11248,1
2013,DS,2013214N13243,1
2013,DS,2013227N14337,1
2013,DS,2013232N14252,1
2013,DS,2013238N19266,1
2013,DS,2013241N19254,1
2013,DS,2013242N15245,1
2013,DS,2013248N16294,1
2013,DS,2013248N17255,1
2013,DS,2013250N22263,1
2013,DS,2013251N13342,1
2013,DS,2013255N19268,1
2013,DS,2013271N21310,1
2013,DS,2013280N13242,1
2013,DS,2013286N15251,1
2013,DS,2013287N13243,1
2013,DS,2013293N13260,1
2013,DS,2013294N28304,1
2013,DS,2013321N24308,1
2013,DS,2013338N34332,1
2013,ET,2013157N25273,1
2013,ET,2013321N24308,1
2013,ET,2013338N34332,1
2013,NR,2013040S16199,1
2013,NR,2013204N11340,1
2013,NR,2013248N16294,1
2013,NR,2013257N15259,1
2013,SS,2013251N13342,1
2013,SS,2013321N24308,1
2013,SS,2013338N34332,1
2013,TS,2013040S16199,1
2013,TS,2013134N07265,1
2013,TS,2013149N14264,1
2013,TS,2013157N25273,1
2013,TS,2013167N12279,1
2013,TS,2013175N12256,1
2013,TS,2013180N11256,1
2013,TS,2013186N13262,1
2013,TS,2013189N09319,1
2013,TS,2013204N11340,1
2013,TS,2013206N15238,1
2013,TS,2013211N11248,1
2013,TS,2013214N13243,1
2013,TS,2013227N14337,1
2013,TS,2013232N14252,1
2013,TS,2013238N19266,1
2013,TS,2013241N19254,1
2013,TS,2013242N15245,1
2013,TS,2013248N16294,1
2013,TS,2013248N17255,1
2013,TS,2013250N22263,1
2013,TS,2013251N13342,1
2013,TS,2013255N19268,1
2013,TS,2013257N15259,1
2013,TS,2013271N21310,1
2013,TS,2013276N21273,1
2013,TS,2013280N13242,1
2013,TS,2013286N15251,1
2013,TS,2013287N13243,1
2013,TS,2013293N13260,1
2013,TS,2013294N28304,1
2013,TS,2013305N16252,1
2013,TS,2013321N24308,1
2014,DS,2014142N10254,1
2014,DS,2014153N12267,1
2014,DS,2014160N15259,1
2014,DS,2014180N14255,1
2014,DS,2014180N32282,1
2014,DS,2014181N17257,1
2014,DS,2014187N11247,1
2014,DS,2014195N11232,1
2014,DS,2014201N09331,1
2014,DS,2014207N12255,1
2014,DS,2014210N10323,1
2014,DS,2014212N11242,1
2014,DS,2014214N13249,1
2014,DS,2014225N15255,1
2014,DS,2014229N16246,1
2014,DS,2014234N12261,1
2014,DS,2014245N19268,1
2014,DS,2014246N17254,1
2014,DS,2014253N13244,1
2014,DS,2014253N13260,1
2014,DS,2014254N14327,1
2014,DS,2014259N11262,1
2014,DS,2014267N15257,1
2014,DS,2014274N15260,1
2014,DS,2014283N22299,1
2014,DS,2014284N10231,1
2014,DS,2014285N16305,1
2014,DS,2014290N14261,1
2014,DS,2014294N20265,1
2014,DS,2014303N11261,1
2014,ET,2014180N32282,1
2014,ET,2014210N10323,1
2014,ET,2014236N22288,1
2014,ET,2014285N16305,1
2014,NR,2014195N11232,1
2014,NR,2014284N10231,1
2014,NR,2014294N20265,1
2014,SS,2014283N22299,1
2014,TS,2014142N10254,1
2014,TS,2014153N12267,1
2014,TS,2014160N15259,1
2014,TS,2014180N14255,1
2014,TS,2014180N32282,1
2014,TS,2014181N17257,1
2014,TS,2014187N11247,1
2014,TS,2014195N11232,1
2014,TS,2014201N09331,1
2014,TS,2014207N12255,1
2014,TS,2014210N10323,1
2014,TS,2014212N11242,1
2014,TS,2014214N13249,1
2014,TS,2014225N15255,1
2014,TS,2014229N16246,1
2014,TS,2014234N12261,1
2014,TS,2014236N22288,1
2014,TS,2014245N19268,1
2014,TS,2014246N17254,1
2014,TS,2014253N13244,1
2014,TS,2014253N13260,1
2014,TS,2014254N14327,1
2014,TS,2014259N11262,1
2014,TS,2014267N15257,1
2014,TS,2014274N15260,1
2014,TS,2014283N22299,1
2014,TS,2014284N10231,1
2014,TS,2014285N16305,1
2014,TS,2014290N14261,1
2014,TS,2014294N20265,1
2014,TS,2014303N11261,1
2015,DS,2015126N27281,1
2015,DS,2015148N11250,1
2015,DS,2015152N12258,1
2015,DS,2015162N12262,1
2015,DS,2015167N27266,1
2015,DS,2015189N13223,1
2015,DS,2015192N11263,1
2015,DS,2015193N35285,1
2015,DS,2015194N13235,1
2015,DS,2015204N16247,1
2015,DS,2015209N07248,1
2015,DS,2015209N15236,1
2015,DS,2015228N17247,1
2015,DS,2015229N10331,1
2015,DS,2015236N12231,1
2015,DS,2015238N10255,1
2015,DS,2015244N12248,1
2015,DS,2015248N10256,1
2015,DS,2015251N31298,1
2015,DS,2015258N12320,1
2015,DS,2015259N09336,1
2015,DS,2015266N11214,1
2015,DS,2015270N13257,1
2015,DS,2015270N27291,1
2015,DS,2015282N11230,1
2015,DS,2015288N10243,1
2015,DS,2015322N13253,1
2015,DS,2015328N11260,1
2015,ET,2015236N12231,1
2015,ET,2015270N27291,1
2015,ET,2015274N13201,1
2015,ET,2015313N22289,1
2015,SS,2015126N27281,1
2015,TS,2015020S12208,1
2015,TS,2015126N27281,1
2015,TS,2015148N11250,1
2015,TS,2015152N12258,1
2015,TS,2015162N12262,1
2015,TS,2015167N27266,1
2015,TS,2015189N13223,1
2015,TS,2015192N11263,1
2015,TS,2015193N35285,1
2015,TS,2015194N13235,1
2015,TS,2015204N16247,1
2015,TS,2015209N07248,1
2015,TS,2015209N15236,1
2015,TS,2015218N12231,1
2015,TS,2015228N17247,1
2015,TS,2015229N10331,1
2015,TS,2015236N12231,1
2015,TS,2015237N14315,1
2015,TS,2015238N10255,1
2015,TS,2015242N12343,1
2015,TS,2015244N12248,1
2015,TS,2015248N10256,1
2015,TS,2015248N12337,1
2015,TS,2015251N31298,1
2015,TS,2015258N12320,1
2015,TS,2015259N09336,1
2015,TS,2015264N24246,1
2015,TS,2015266N11214,1
2015,TS,2015270N13257,1
2015,TS,2015270N27291,1
2015,TS,2015274N13201,1
2015,TS,2015282N11230,1
2015,TS,2015288N10243,1
2015,TS,2015293N13266,1
2015,TS,2015313N22289,1
2015,TS,2015322N13253,1
2015,TS,2015328N11260,1
2016,DS,2016148N27288,1
2016,DS,2016158N13261,1
2016,DS,2016171N19268,1
2016,DS,2016183N13246,1
2016,DS,2016185N11253,1
2016,DS,2016188N12254,1
2016,DS,2016197N14256,1
2016,DS,2016203N10249,1
2016,DS,2016203N13259,1
2016,DS,2016214N15240,1
2016,DS,2016216N14243,1
2016,DS,2016220N18258,1
2016,DS,2016230N12254,1
2016,DS,2016230N12328,1
2016,DS,2016235N11341,1
2016,DS,2016240N31295,1
2016,DS,2016248N15255,1
2016,DS,2016255N12247,1
2016,DS,2016256N20312,1
2016,DS,2016257N13341,1
2016,DS,2016257N27280,1
2016,DS,2016262N16251,1
2016,DS,2016263N13333,1
2016,DS,2016270N12223,1
2016,DS,2016270N15240,1
2016,DS,2016296N11262,1
2016,DS,2016318N18253,1
2016,DS,2016323N13279,1
2016,ET,2016007N27285,1
2016,ET,2016148N27288,1
2016,ET,2016158N22272,1
2016,ET,2016242N24279,1
2016,ET,2016256N20312,1
2016,ET,2016257N13341,1
2016,ET,2016257N27280,1
2016,ET,2016273N13300,1
2016,ET,2016278N23300,1
2016,SS,2016007N27285,1
2016,SS,2016256N20312,1
2016,TS,2016007N27285,1
2016,TS,2016148N27288,1
2016,TS,2016158N13261,1
2016,TS,2016158N22272,1
2016,TS,2016171N19268,1
2016,TS,2016183N13246,1
2016,TS,2016185N11253,1
2016,TS,2016188N12254,1
2016,TS,2016194N15255,1
2016,TS,2016197N14256,1
2016,TS,2016203N10249,1
2016,TS,2016203N13259,1
2016,TS,2016214N15240,1
2016,TS,2016215N16283,1
2016,TS,2016216N14243,1
2016,TS,2016220N18258,1
2016,TS,2016230N12254,1
2016,TS,2016230N12328,1
2016,TS,2016235N11341,1
2016,TS,2016237N14253,1
2016,TS,2016240N13224,1
2016,TS,2016240N31295,1
2016,TS,2016242N24279,1
2016,TS,2016248N15255,1
2016,TS,2016255N12247,1
2016,TS,2016256N20312,1
2016,TS,2016257N13341,1
2016,TS,2016257N27280,1
2016,TS,2016262N16251,1
2016,TS,2016263N13333,1
2016,TS,2016270N12223,1
2016,TS,2016270N15240,1
2016,TS,2016273N13300,1
2016,TS,2016278N23300,1
2016,TS,2016296N11262,1
2016,TS,2016318N18253,1
2016,TS,2016323N13279,1
2017,DS,2017130N09269,1
2017,DS,2017171N24271,1
2017,DS,2017175N13264,1
2017,DS,2017187N12324,1
2017,DS,2017189N11250,1
2017,DS,2017193N12252,1
2017,DS,2017198N10312,1
2017,DS,2017198N13245,1
2017,DS,2017199N14255,1
2017,DS,2017202N08274,1
2017,DS,2017203N14248,1
2017,DS,2017212N28275,1
2017,DS,2017216N16254,1
2017,DS,2017219N16279,1
2017,DS,2017224N19253,1
2017,DS,2017224N22293,1
2017,DS,2017228N14314,1
2017,DS,2017230N13249,1
2017,DS,2017242N16333,1
2017,DS,2017242N17253,1
2017,DS,2017247N09327,1
2017,DS,2017254N16251,1
2017,DS,2017257N16251,1
2017,DS,2017258N10337,1
2017,DS,2017265N17257,1
2017,DS,2017277N11279,1
2017,DS,2017280N32321,1
2017,DS,2017300N10271,1
2017,DS,2017309N26308,1
2017,ET,2017106N36310,1
2017,ET,2017224N22293,1
2017,ET,2017228N14314,1
2017,ET,2017240N31279,1
2017,ET,2017260N12310,1
2017,ET,2017277N11279,1
2017,ET,2017280N32321,1
2017,NR,2017051S18189,1
2017,NR,2017170N08310,1
2017,NR,2017171N24271,1
2017,NR,2017240N31279,1
2017,NR,2017242N17253,1
2017,NR,2017258N10337,1
2017,NR,2017301N18276,1
2017,SS,2017106N36310,1
2017,TS,2017106N36310,1
2017,TS,2017130N09269,1
2017,TS,2017152N14262,1
2017,TS,2017163N14265,1
2017,TS,2017170N08310,1
2017,TS,2017171N24271,1
2017,TS,2017175N13264,1
2017,TS,2017187N12324,1
2017,TS,2017189N11250,1
2017,TS,2017193N12252,1
2017,TS,2017198N10312,1
2017,TS,2017198N13245,1
2017,TS,2017199N14255,1
2017,TS,2017202N08274,1
2017,TS,2017203N14248,1
2017,TS,2017212N28275,1
2017,TS,2017216N16254,1
2017,TS,2017219N16279,1
2017,TS,2017224N19253,1
2017,TS,2017224N22293,1
2017,TS,2017228N14314,1
2017,TS,2017230N13249,1
2017,TS,2017242N16333,1
2017,TS,2017242N17253,1
2017,TS,2017247N09327,1
2017,TS,2017249N22263,1
2017,TS,2017254N16251,1
2017,TS,2017257N16251,1
2017,TS,2017257N16258,1
2017,TS,2017258N10337,1
2017,TS,2017260N12310,1
2017,TS,2017265N17257,1
2017,TS,2017277N11279,1
2017,TS,2017277N14265,1
2017,TS,2017280N32321,1
2017,TS,2017300N10271,1
2017,TS,2017301N18276,1
2017,TS,2017309N26308,1
2018,DS,2018131N12235,1
2018,DS,2018146N19273,1
2018,DS,2018157N14255,1
2018,DS,2018161N12260,1
2018,DS,2018166N15260,1
2018,DS,2018174N12244,1
2018,DS,2018178N12253,1
2018,DS,2018182N11256,1
2018,DS,2018186N10325,1
2018,DS,2018186N31292,1
2018,DS,2018208N13238,1
2018,DS,2018215N41326,1
2018,DS,2018218N14255,1
2018,DS,2018219N15237,1
2018,DS,2018226N11245,1
2018,DS,2018227N37315,1
2018,DS,2018238N13239,1
2018,DS,2018240N15251,1
2018,DS,2018242N13343,1
2018,DS,2018246N22283,1
2018,DS,2018251N15248,1
2018,DS,2018255N37320,1
2018,DS,2018265N08338,1
2018,DS,2018269N11220,1
2018,DS,2018280N18273,1
2018,DS,2018282N09333,1
2018,DS,2018292N13269,1
2018,DS,2018292N14261,1
2018,DS,2018306N14249,1
2018,ET,2018186N31292,1
2018,ET,2018215N41326,1
2018,ET,2018227N37315,1
2018,ET,2018242N13343,1
2018,ET,2018251N13343,1
2018,ET,2018255N37320,1
2018,ET,2018265N35315,1
2018,ET,2018280N18273,1
2018,ET,2018300N25315,1
2018,NR,2018186N10325,1
2018,NR,2018246N22283,1
2018,NR,2018269N11220,1
2018,SS,2018146N19273,1
2018,SS,2018186N10325,1
2018,SS,2018215N41326,1
2018,SS,2018227N37315,1
2018,SS,2018255N37320,1
2018,SS,2018265N35315,1
2018,SS,2018300N25315,1
2018,TS,2018131N12235,1
2018,TS,2018146N19273,1
2018,TS,2018157N14255,1
2018,TS,2018161N12260,1
2018,TS,2018166N15260,1
2018,TS,2018174N12244,1
2018,TS,2018178N12253,1
2018,TS,2018182N11256,1
2018,TS,2018186N10325,1
2018,TS,2018186N31292,1
2018,TS,2018208N11225,1
2018,TS,2018208N13238,1
2018,TS,2018215N41326,1
2018,TS,2018217N12266,1
2018,TS,2018218N14255,1
2018,TS,2018219N15237,1
2018,TS,2018226N11245,1
2018,TS,2018227N37315,1
2018,TS,2018238N13239,1
2018,TS,2018240N15251,1
2018,TS,2018242N13343,1
2018,TS,2018244N14252,1
2018,TS,2018246N22283,1
2018,TS,2018251N13325,1
2018,TS,2018251N13343,1
2018,TS,2018251N15248,1
2018,TS,2018255N37320,1
2018,TS,2018263N26249,1
2018,TS,2018265N08338,1
2018,TS,2018265N13308,1
2018,TS,2018265N35315,1
2018,TS,2018268N14253,1
2018,TS,2018273N12259,1
2018,TS,2018280N18273,1
2018,TS,2018282N09333,1
2018,TS,2018288N17257,1
2018,TS,2018292N13269,1
2018,TS,2018292N14261,1
2018,TS,2018300N25315,1
2018,TS,2018306N14249,1
2019,DS,2019141N28291,1
2019,DS,2019177N15256,1
2019,DS,2019181N10252,1
2019,DS,2019188N16245,1
2019,DS,2019192N29274,1
2019,DS,2019193N14255,1
2019,DS,2019203N15244,1
2019,DS,2019215N13242,1
2019,DS,2019224N18252,1
2019,DS,2019233N15255,1
2019,DS,2019233N40300,1
2019,DS,2019236N10314,1
2019,DS,2019244N13253,1
2019,DS,2019246N15225,1
2019,DS,2019246N16330,1
2019,DS,2019255N15251,1
2019,DS,2019256N23286,1
2019,DS,2019260N10253,1
2019,DS,2019260N12262,1
2019,DS,2019260N13317,1
2019,DS,2019266N11341,1
2019,DS,2019288N13341,1
2019,DS,2019290N11234,1
2019,DS,2019293N17257,1
2019,DS,2019317N11248,1
2019,DS,2019320N09264,1
2019,ET,2019236N10314,1
2019,ET,2019239N32287,1
2019,ET,2019246N16330,1
2019,ET,2019256N23286,1
2019,ET,2019266N11341,1
2019,ET,2019282N35286,1
2019,ET,2019291N22264,1
2019,ET,2019297N40322,1
2019,ET,2019299N25265,1
2019,ET,2019300N41309,1
2019,ET,2019323N19302,1
2019,NR,2019192N29274,1
2019,NR,2019246N24266,1
2019,NR,2019272N14261,1
2019,NR,2019289N14267,1
2019,NR,2019291N22264,1
2019,SS,2019141N28291,1
2019,SS,2019282N35286,1
2019,SS,2019297N40322,1
2019,SS,2019300N41309,1
2019,TS,2019177N15256,1
2019,TS,2019181N10252,1
2019,TS,2019188N16245,1
2019,TS,2019192N29274,1
2019,TS,2019193N14255,1
2019,TS,2019203N15244,1
2019,TS,2019204N25283,1
2019,TS,2019210N11253,1
2019,TS,2019215N13242,1
2019,TS,2019224N18252,1
2019,TS,2019233N15255,1
2019,TS,2019233N40300,1
2019,TS,2019236N10314,1
2019,TS,2019239N32287,1
2019,TS,2019244N13253,1
2019,TS,2019246N15225,1
2019,TS,2019246N16330,1
2019,TS,2019246N24266,1
2019,TS,2019255N15251,1
2019,TS,2019256N23286,1
2019,TS,2019260N10253,1
2019,TS,2019260N12262,1
2019,TS,2019260N13317,1
2019,TS,2019261N28264,1
2019,TS,2019265N12301,1
2019,TS,2019266N11341,1
2019,TS,2019272N14261,1
2019,TS,2019282N35286,1
2019,TS,2019288N13341,1
2019,TS,2019290N11234,1
2019,TS,2019291N22264,1
2019,TS,2019293N17257,1
2019,TS,2019297N40322,1
2019,TS,2019299N25265,1
2019,TS,2019317N11248,1
2019,TS,2019320N09264,1
2019,TS,2019323N19302,1
2020,DS,2020116N14245,1
2020,DS,2020174N39293,1
2020,DS,2020176N10228,1
2020,DS,2020182N20248,1
2020,DS,2020186N30289,1
2020,DS,2020188N28271,1
2020,DS,2020189N10261,1
2020,DS,2020202N15234,1
2020,DS,2020203N09323,1
2020,DS,2020212N13340,1
2020,DS,2020221N13262,1
2020,DS,2020224N11326,1
2020,DS,2020226N13233,1
2020,DS,2020229N18242,1
2020,DS,2020230N11264,1
2020,DS,2020233N14313,1
2020,DS,2020234N14280,1
2020,DS,2020238N16252,1
2020,DS,2020239N15243,1
2020,DS,2020244N30279,1
2020,DS,2020245N16285,1
2020,DS,2020249N14265,1
2020,DS,2020251N15342,1
2020,DS,2020251N17319,1
2020,DS,2020257N16248,1
2020,DS,2020258N18332,1
2020,DS,2020261N10335,1
2020,DS,2020261N21265,1
2020,DS,2020265N16252,1
2020,DS,2020272N12257,1
2020,DS,2020276N17277,1
2020,DS,2020279N11256,1
2020,DS,2020291N32305,1
2020,DS,2020309N14245,1
2020,DS,2020314N28313,1
2020,DS,2020318N16289,1
2020,DS,2020323N15248,1
2020,ET,2020138N28281,1
2020,ET,2020148N32281,1
2020,ET,2020154N19269,1
2020,ET,2020186N30289,1
2020,ET,2020211N13306,1
2020,ET,2020228N37286,1
2020,ET,2020251N17319,1
2020,ET,2020256N11329,1
2020,ET,2020256N25281,1
2020,ET,2020259N47338,1
2020,ET,2020261N21265,1
2020,ET,2020279N16284,1
2020,ET,2020291N32305,1
2020,ET,2020299N18277,1
2020,ET,2020306N15288,1
2020,ET,2020314N28313,1
2020,NR,2020211N13306,1
2020,NR,2020279N11256,1
2020,NR,2020306N15288,1
2020,SS,2020174N39293,1
2020,SS,2020259N47338,1
2020,SS,2020314N28313,1
2020,TS,2020116N14245,1
2020,TS,2020138N28281,1
2020,TS,2020148N32281,1
2020,TS,2020152N12269,1
2020,TS,2020154N19269,1
2020,TS,2020174N39293,1
2020,TS,2020176N10228,1
2020,TS,2020182N20248,1
2020,TS,2020186N30289,1
2020,TS,2020188N28271,1
2020,TS,2020189N10261,1
2020,TS,2020196N17250,1
2020,TS,2020202N15234,1
2020,TS,2020202N15241,1
2020,TS,2020203N09323,1
2020,TS,2020205N26272,1
2020,TS,2020211N13306,1
2020,TS,2020212N13340,1
2020,TS,2020221N13262,1
2020,TS,2020224N11326,1
2020,TS,2020226N13233,1
2020,TS,2020228N37286,1
2020,TS,2020229N18242,1
2020,TS,2020230N11264,1
2020,TS,2020233N14313,1
2020,TS,2020234N14280,1
2020,TS,2020238N16252,1
2020,TS,2020239N15243,1
2020,TS,2020244N30279,1
2020,TS,2020245N16285,1
2020,TS,2020249N14265,1
2020,TS,2020251N15342,1
2020,TS,2020251N17319,1
2020,TS,2020256N11329,1
2020,TS,2020256N25281,1
2020,TS,2020257N16248,1
2020,TS,2020258N18332,1
2020,TS,2020261N10335,1
2020,TS,2020261N21265,1
2020,TS,2020265N16252,1
2020,TS,2020272N12257,1
2020,TS,2020276N17277,1
2020,TS,2020279N11256,1
2020,TS,2020279N16284,1
2020,TS,2020291N32305,1
2020,TS,2020299N18277,1
2020,TS,2020306N15288,1
2020,TS,2020309N14245,1
2020,TS,2020314N28313,1
2020,TS,2020318N16289,1
2020,TS,2020323N15248,1
